{
    "time": {
        "cpu_time_user": "00:00:01.090",
        "cpu_time_system": "00:00:00.130",
        "runtime": "00:00:01.355",
        "cpu_time_iowait": "00:00:00.000"
    },
    "peak_resources": {
        "cpu_percent": 108.7,
        "memory_rss": "119MiB",
        "memory_vms": "299MiB",
        "threads": 2
    },
    "avg_resources": {
        "cpu_percent": 77.35999999999999,
        "memory_rss": "73MiB",
        "memory_vms": "195MiB",
        "threads": 1.5333333333333334
    }
}