{
    "time": {
        "cpu_time_user": "00:00:00.900",
        "cpu_time_system": "00:00:00.050",
        "runtime": "00:00:01.136",
        "cpu_time_iowait": "00:00:00.000"
    },
    "peak_resources": {
        "cpu_percent": 109.4,
        "memory_rss": "29MiB",
        "memory_vms": "32MiB",
        "threads": 1
    },
    "avg_resources": {
        "cpu_percent": 69.70769230769231,
        "memory_rss": "15MiB",
        "memory_vms": "18MiB",
        "threads": 0.9230769230769231
    }
}