{
    "time": {
        "cpu_time_user": "00:00:00.840",
        "cpu_time_system": "00:00:00.500",
        "runtime": "00:00:01.407",
        "cpu_time_iowait": "00:00:00.000"
    },
    "peak_resources": {
        "cpu_percent": 109.4,
        "memory_rss": "500MiB",
        "memory_vms": "504MiB",
        "threads": 1
    },
    "avg_resources": {
        "cpu_percent": 84.40714285714286,
        "memory_rss": "280MiB",
        "memory_vms": "283MiB",
        "threads": 0.9285714285714286
    }
}