{
    "time": {
        "cpu_time_user": "00:00:00.710",
        "cpu_time_system": "00:00:00.110",
        "runtime": "00:00:00.918",
        "cpu_time_iowait": "00:00:00.000"
    },
    "peak_resources": {
        "cpu_percent": 109.4,
        "memory_rss": "109MiB",
        "memory_vms": "244MiB",
        "threads": 2
    },
    "avg_resources": {
        "cpu_percent": 73.54545454545455,
        "memory_rss": "59MiB",
        "memory_vms": "161MiB",
        "threads": 1.4545454545454546
    }
}