{
   "creator": "Yosys 0.38 (git sha1 543faed9c8c, clang++ 17.0.6 -fPIC -Os)",
   "invocation": "stat -json -liberty /media/hari-the-geth/HPCORE/Programming_with_FPGA_using_HDL/Projects/CLA/runs/RUN_2025-01-03_21-46-57/tmp/90deef601c324e3e8c3fc92499ece5fe.lib ",
   "modules": {
      "\\carry_lookahead_adder_4bit": {
         "num_wires":         40,
         "num_wire_bits":     49,
         "num_pub_wires":     5,
         "num_pub_wire_bits": 14,
         "num_memories":      0,
         "num_memory_bits":   0,
         "num_processes":     0,
         "num_cells":         40,
         "num_cells_by_type": {
            "$_ANDNOT_": 15,
            "$_AND_": 2,
            "$_NAND_": 4,
            "$_NOR_": 1,
            "$_ORNOT_": 1,
            "$_OR_": 8,
            "$_XNOR_": 4,
            "$_XOR_": 5
         }
      }
   },
      "design": {
         "num_wires":         40,
         "num_wire_bits":     49,
         "num_pub_wires":     5,
         "num_pub_wire_bits": 14,
         "num_memories":      0,
         "num_memory_bits":   0,
         "num_processes":     0,
         "num_cells":         40,
         "num_cells_by_type": {
            "$_ANDNOT_": 15,
            "$_AND_": 2,
            "$_NAND_": 4,
            "$_NOR_": 1,
            "$_ORNOT_": 1,
            "$_OR_": 8,
            "$_XNOR_": 4,
            "$_XOR_": 5
         }
      }
}

