{
   "creator": "Yosys 0.38 (git sha1 543faed9c8c, clang++ 17.0.6 -fPIC -Os)",
   "invocation": "stat -json -liberty /media/hari-the-geth/HPCORE/Programming_with_FPGA_using_HDL/Projects/CLA/runs/RUN_2025-01-03_21-46-57/tmp/90deef601c324e3e8c3fc92499ece5fe.lib ",
   "modules": {
      "\\carry_lookahead_adder_4bit": {
         "num_wires":         21,
         "num_wire_bits":     30,
         "num_pub_wires":     5,
         "num_pub_wire_bits": 14,
         "num_memories":      0,
         "num_memory_bits":   0,
         "num_processes":     0,
         "num_cells":         21,
         "area":              205.196800,
         "num_cells_by_type": {
            "sky130_fd_sc_hd__a21bo_2": 1,
            "sky130_fd_sc_hd__a21o_2": 1,
            "sky130_fd_sc_hd__a21oi_2": 1,
            "sky130_fd_sc_hd__a32o_2": 1,
            "sky130_fd_sc_hd__and2_2": 2,
            "sky130_fd_sc_hd__and3_2": 1,
            "sky130_fd_sc_hd__nand2_2": 3,
            "sky130_fd_sc_hd__nand2b_2": 1,
            "sky130_fd_sc_hd__nor2_2": 2,
            "sky130_fd_sc_hd__o22a_2": 1,
            "sky130_fd_sc_hd__or2_2": 2,
            "sky130_fd_sc_hd__xnor2_2": 4,
            "sky130_fd_sc_hd__xor2_2": 1
         }
      }
   },
      "design": {
         "num_wires":         21,
         "num_wire_bits":     30,
         "num_pub_wires":     5,
         "num_pub_wire_bits": 14,
         "num_memories":      0,
         "num_memory_bits":   0,
         "num_processes":     0,
         "num_cells":         21,
         "area":              205.196800,
         "num_cells_by_type": {
            "sky130_fd_sc_hd__a21bo_2": 1,
            "sky130_fd_sc_hd__a21o_2": 1,
            "sky130_fd_sc_hd__a21oi_2": 1,
            "sky130_fd_sc_hd__a32o_2": 1,
            "sky130_fd_sc_hd__and2_2": 2,
            "sky130_fd_sc_hd__and3_2": 1,
            "sky130_fd_sc_hd__nand2_2": 3,
            "sky130_fd_sc_hd__nand2b_2": 1,
            "sky130_fd_sc_hd__nor2_2": 2,
            "sky130_fd_sc_hd__o22a_2": 1,
            "sky130_fd_sc_hd__or2_2": 2,
            "sky130_fd_sc_hd__xnor2_2": 4,
            "sky130_fd_sc_hd__xor2_2": 1
         }
      }
}

