{
    "time": {
        "cpu_time_user": "00:00:14.779",
        "cpu_time_system": "00:00:00.470",
        "runtime": "00:00:15.181",
        "cpu_time_iowait": "00:00:00.000"
    },
    "peak_resources": {
        "cpu_percent": 120.4,
        "memory_rss": "164MiB",
        "memory_vms": "862MiB",
        "threads": 9
    },
    "avg_resources": {
        "cpu_percent": 99.62857142857142,
        "memory_rss": "133MiB",
        "memory_vms": "754MiB",
        "threads": 3.428571428571429
    }
}