{
    "time": {
        "cpu_time_user": "00:00:00.340",
        "cpu_time_system": "00:00:00.070",
        "runtime": "00:00:00.515",
        "cpu_time_iowait": "00:00:00.000"
    },
    "peak_resources": {
        "cpu_percent": 108.4,
        "memory_rss": "50MiB",
        "memory_vms": "130MiB",
        "threads": 1
    },
    "avg_resources": {
        "cpu_percent": 56.6857142857143,
        "memory_rss": "12MiB",
        "memory_vms": "40MiB",
        "threads": 0.8571428571428571
    }
}