{
    "time": {
        "cpu_time_user": "00:00:00.740",
        "cpu_time_system": "00:00:00.120",
        "runtime": "00:00:00.930",
        "cpu_time_iowait": "00:00:00.000"
    },
    "peak_resources": {
        "cpu_percent": 109.5,
        "memory_rss": "107MiB",
        "memory_vms": "241MiB",
        "threads": 2
    },
    "avg_resources": {
        "cpu_percent": 76.53636363636365,
        "memory_rss": "54MiB",
        "memory_vms": "166MiB",
        "threads": 1.4545454545454546
    }
}