{
    "nl": "/media/hari-the-geth/HPCORE/Programming_with_FPGA_using_HDL/Projects/CLA/runs/RUN_2025-01-03_21-46-57/35-openroad-resizertimingpostcts/carry_lookahead_adder_4bit.nl.v",
    "pnl": "/media/hari-the-geth/HPCORE/Programming_with_FPGA_using_HDL/Projects/CLA/runs/RUN_2025-01-03_21-46-57/35-openroad-resizertimingpostcts/carry_lookahead_adder_4bit.pnl.v",
    "pnl-sdf-friendly": null,
    "pnl-npc": null,
    "def": "/media/hari-the-geth/HPCORE/Programming_with_FPGA_using_HDL/Projects/CLA/runs/RUN_2025-01-03_21-46-57/40-openroad-repairantennas/1-diodeinsertion/carry_lookahead_adder_4bit.def",
    "lef": null,
    "openroad-lef": null,
    "odb": "/media/hari-the-geth/HPCORE/Programming_with_FPGA_using_HDL/Projects/CLA/runs/RUN_2025-01-03_21-46-57/40-openroad-repairantennas/1-diodeinsertion/carry_lookahead_adder_4bit.odb",
    "sdc": "/media/hari-the-geth/HPCORE/Programming_with_FPGA_using_HDL/Projects/CLA/runs/RUN_2025-01-03_21-46-57/35-openroad-resizertimingpostcts/carry_lookahead_adder_4bit.sdc",
    "sdf": {
        "nom_tt_025C_1v80": "/media/hari-the-geth/HPCORE/Programming_with_FPGA_using_HDL/Projects/CLA/runs/RUN_2025-01-03_21-46-57/12-openroad-staprepnr/nom_tt_025C_1v80/carry_lookahead_adder_4bit__nom_tt_025C_1v80.sdf",
        "nom_ss_100C_1v60": "/media/hari-the-geth/HPCORE/Programming_with_FPGA_using_HDL/Projects/CLA/runs/RUN_2025-01-03_21-46-57/12-openroad-staprepnr/nom_ss_100C_1v60/carry_lookahead_adder_4bit__nom_ss_100C_1v60.sdf",
        "nom_ff_n40C_1v95": "/media/hari-the-geth/HPCORE/Programming_with_FPGA_using_HDL/Projects/CLA/runs/RUN_2025-01-03_21-46-57/12-openroad-staprepnr/nom_ff_n40C_1v95/carry_lookahead_adder_4bit__nom_ff_n40C_1v95.sdf"
    },
    "spef": null,
    "lib": null,
    "spice": null,
    "mag": null,
    "gds": null,
    "mag_gds": null,
    "klayout_gds": null,
    "json_h": "/media/hari-the-geth/HPCORE/Programming_with_FPGA_using_HDL/Projects/CLA/runs/RUN_2025-01-03_21-46-57/05-yosys-jsonheader/carry_lookahead_adder_4bit.h.json",
    "vh": "/media/hari-the-geth/HPCORE/Programming_with_FPGA_using_HDL/Projects/CLA/runs/RUN_2025-01-03_21-46-57/28-odb-writeverilogheader/carry_lookahead_adder_4bit.vh",
    "metrics": {
        "design__lint_error__count": 0,
        "design__lint_timing_construct__count": 0,
        "design__lint_warning__count": 35,
        "design__inferred_latch__count": 0,
        "design__instance__count": 605,
        "design__instance__area": 918.381,
        "design__instance_unmapped__count": 0,
        "synthesis__check_error__count": 0,
        "design__max_slew_violation__count__corner:nom_tt_025C_1v80": 0,
        "design__max_fanout_violation__count__corner:nom_tt_025C_1v80": 0,
        "design__max_cap_violation__count__corner:nom_tt_025C_1v80": 0,
        "power__internal__total": 2.63713e-06,
        "power__switching__total": 4.96558e-06,
        "power__leakage__total": 5.76261e-10,
        "power__total": 7.60329e-06,
        "clock__skew__worst_hold__corner:nom_tt_025C_1v80": 0,
        "clock__skew__worst_setup__corner:nom_tt_025C_1v80": 0,
        "timing__hold__ws__corner:nom_tt_025C_1v80": 10.1276,
        "timing__setup__ws__corner:nom_tt_025C_1v80": 13.4813,
        "timing__hold__tns__corner:nom_tt_025C_1v80": 0,
        "timing__setup__tns__corner:nom_tt_025C_1v80": 0,
        "timing__hold__wns__corner:nom_tt_025C_1v80": 0,
        "timing__setup__wns__corner:nom_tt_025C_1v80": 0,
        "timing__hold_vio__count__corner:nom_tt_025C_1v80": 0,
        "timing__hold_r2r__ws__corner:nom_tt_025C_1v80": 1000000000000000000000000000000,
        "timing__hold_r2r_vio__count__corner:nom_tt_025C_1v80": 0,
        "timing__setup_vio__count__corner:nom_tt_025C_1v80": 0,
        "timing__setup_r2r__ws__corner:nom_tt_025C_1v80": 1000000000000000000000000000000,
        "timing__setup_r2r_vio__count__corner:nom_tt_025C_1v80": 0,
        "design__max_slew_violation__count__corner:nom_ss_100C_1v60": 0,
        "design__max_fanout_violation__count__corner:nom_ss_100C_1v60": 0,
        "design__max_cap_violation__count__corner:nom_ss_100C_1v60": 0,
        "clock__skew__worst_hold__corner:nom_ss_100C_1v60": 0,
        "clock__skew__worst_setup__corner:nom_ss_100C_1v60": 0,
        "timing__hold__ws__corner:nom_ss_100C_1v60": 10.14774160091278,
        "timing__setup__ws__corner:nom_ss_100C_1v60": 12.481286579768028,
        "timing__hold__tns__corner:nom_ss_100C_1v60": 0,
        "timing__setup__tns__corner:nom_ss_100C_1v60": 0,
        "timing__hold__wns__corner:nom_ss_100C_1v60": 0,
        "timing__setup__wns__corner:nom_ss_100C_1v60": 0,
        "timing__hold_vio__count__corner:nom_ss_100C_1v60": 0,
        "timing__hold_r2r__ws__corner:nom_ss_100C_1v60": Infinity,
        "timing__hold_r2r_vio__count__corner:nom_ss_100C_1v60": 0,
        "timing__setup_vio__count__corner:nom_ss_100C_1v60": 0,
        "timing__setup_r2r__ws__corner:nom_ss_100C_1v60": Infinity,
        "timing__setup_r2r_vio__count__corner:nom_ss_100C_1v60": 0,
        "design__max_slew_violation__count__corner:nom_ff_n40C_1v95": 0,
        "design__max_fanout_violation__count__corner:nom_ff_n40C_1v95": 0,
        "design__max_cap_violation__count__corner:nom_ff_n40C_1v95": 0,
        "clock__skew__worst_hold__corner:nom_ff_n40C_1v95": 0,
        "clock__skew__worst_setup__corner:nom_ff_n40C_1v95": 0,
        "timing__hold__ws__corner:nom_ff_n40C_1v95": 9.879022324254189,
        "timing__setup__ws__corner:nom_ff_n40C_1v95": 14.006210809820011,
        "timing__hold__tns__corner:nom_ff_n40C_1v95": 0,
        "timing__setup__tns__corner:nom_ff_n40C_1v95": 0,
        "timing__hold__wns__corner:nom_ff_n40C_1v95": 0,
        "timing__setup__wns__corner:nom_ff_n40C_1v95": 0,
        "timing__hold_vio__count__corner:nom_ff_n40C_1v95": 0,
        "timing__hold_r2r__ws__corner:nom_ff_n40C_1v95": Infinity,
        "timing__hold_r2r_vio__count__corner:nom_ff_n40C_1v95": 0,
        "timing__setup_vio__count__corner:nom_ff_n40C_1v95": 0,
        "timing__setup_r2r__ws__corner:nom_ff_n40C_1v95": Infinity,
        "timing__setup_r2r_vio__count__corner:nom_ff_n40C_1v95": 0,
        "design__max_slew_violation__count": 0,
        "design__max_fanout_violation__count": 0,
        "design__max_cap_violation__count": 0,
        "clock__skew__worst_hold": 0,
        "clock__skew__worst_setup": 0,
        "timing__hold__ws": 10.1276,
        "timing__setup__ws": 13.4813,
        "timing__hold__tns": 0,
        "timing__setup__tns": 0,
        "timing__hold__wns": 0,
        "timing__setup__wns": 0,
        "timing__hold_vio__count": 0,
        "timing__hold_r2r__ws": 1000000000000000000000000000000,
        "timing__hold_r2r_vio__count": 0,
        "timing__setup_vio__count": 0,
        "timing__setup_r2r__ws": 1000000000000000000000000000000,
        "timing__setup_r2r_vio__count": 0,
        "design__die__bbox": "0.0 0.0 213.62 224.34",
        "design__core__bbox": "5.52 10.88 207.92 212.16",
        "flow__warnings__count": 4,
        "flow__errors__count": 0,
        "design__io": 16,
        "design__die__area": 47923.5,
        "design__core__area": 40739.1,
        "design__instance__count__stdcell": 605,
        "design__instance__area__stdcell": 918.381,
        "design__instance__count__macros": 0,
        "design__instance__area__macros": 0,
        "design__instance__utilization": 0.022543,
        "design__instance__utilization__stdcell": 0.022543,
        "design__power_grid_violation__count__net:VGND": 0,
        "design__power_grid_violation__count__net:VPWR": 0,
        "design__power_grid_violation__count": 0,
        "floorplan__design__io": 14,
        "design__io__hpwl": 1319016,
        "timing__drv__floating__nets": 0,
        "timing__drv__floating__pins": 0,
        "design__instance__displacement__total": 0,
        "design__instance__displacement__mean": 0,
        "design__instance__displacement__max": 0,
        "route__wirelength__estimated": 1332.15,
        "design__violations": 0,
        "design__instance__count__setup_buffer": 0,
        "design__instance__count__hold_buffer": 0,
        "antenna__violating__nets": 0,
        "antenna__violating__pins": 0,
        "route__antenna_violation__count": 0
    }
}