{
    "time": {
        "cpu_time_user": "00:00:00.810",
        "cpu_time_system": "00:00:00.120",
        "runtime": "00:00:01.007",
        "cpu_time_iowait": "00:00:00.000"
    },
    "peak_resources": {
        "cpu_percent": 109.4,
        "memory_rss": "124MiB",
        "memory_vms": "251MiB",
        "threads": 2
    },
    "avg_resources": {
        "cpu_percent": 76.99166666666665,
        "memory_rss": "73MiB",
        "memory_vms": "180MiB",
        "threads": 1.5833333333333333
    }
}