{
    "time": {
        "cpu_time_user": "00:00:00.690",
        "cpu_time_system": "00:00:00.040",
        "runtime": "00:00:00.732",
        "cpu_time_iowait": "00:00:00.000"
    },
    "peak_resources": {
        "cpu_percent": 108.8,
        "memory_rss": "25MiB",
        "memory_vms": "28MiB",
        "threads": 1
    },
    "avg_resources": {
        "cpu_percent": 75.33333333333334,
        "memory_rss": "12MiB",
        "memory_vms": "15MiB",
        "threads": 0.8888888888888888
    }
}