{
    "time": {
        "cpu_time_user": "00:00:00.760",
        "cpu_time_system": "00:00:00.110",
        "runtime": "00:00:00.921",
        "cpu_time_iowait": "00:00:00.000"
    },
    "peak_resources": {
        "cpu_percent": 109.5,
        "memory_rss": "113MiB",
        "memory_vms": "247MiB",
        "threads": 2
    },
    "avg_resources": {
        "cpu_percent": 77.72727272727273,
        "memory_rss": "57MiB",
        "memory_vms": "160MiB",
        "threads": 1.4545454545454546
    }
}