{
    "nl": "/media/hari-the-geth/HPCORE/Programming_with_FPGA_using_HDL/Projects/CLA/runs/RUN_2025-01-03_21-46-57/06-yosys-synthesis/carry_lookahead_adder_4bit.nl.v",
    "pnl": null,
    "pnl-sdf-friendly": null,
    "pnl-npc": null,
    "def": null,
    "lef": null,
    "openroad-lef": null,
    "odb": null,
    "sdc": null,
    "sdf": null,
    "spef": null,
    "lib": null,
    "spice": null,
    "mag": null,
    "gds": null,
    "mag_gds": null,
    "klayout_gds": null,
    "json_h": "/media/hari-the-geth/HPCORE/Programming_with_FPGA_using_HDL/Projects/CLA/runs/RUN_2025-01-03_21-46-57/05-yosys-jsonheader/carry_lookahead_adder_4bit.h.json",
    "vh": null,
    "metrics": {
        "design__lint_error__count": 0,
        "design__lint_timing_construct__count": 0,
        "design__lint_warning__count": 35,
        "design__inferred_latch__count": 0,
        "design__instance__count": 21,
        "design__instance__area": 205.1968,
        "design__instance_unmapped__count": 0,
        "synthesis__check_error__count": 0
    }
}