{
    "time": {
        "cpu_time_user": "00:00:03.089",
        "cpu_time_system": "00:00:00.110",
        "runtime": "00:00:04.162",
        "cpu_time_iowait": "00:00:00.000"
    },
    "peak_resources": {
        "cpu_percent": 110.5,
        "memory_rss": "55MiB",
        "memory_vms": "82MiB",
        "threads": 1
    },
    "avg_resources": {
        "cpu_percent": 73.69090909090907,
        "memory_rss": "47MiB",
        "memory_vms": "73MiB",
        "threads": 0.9696969696969697
    }
}