{
    "time": {
        "cpu_time_user": "00:00:00.780",
        "cpu_time_system": "00:00:00.110",
        "runtime": "00:00:00.920",
        "cpu_time_iowait": "00:00:00.000"
    },
    "peak_resources": {
        "cpu_percent": 106.9,
        "memory_rss": "106MiB",
        "memory_vms": "238MiB",
        "threads": 2
    },
    "avg_resources": {
        "cpu_percent": 79.23636363636363,
        "memory_rss": "59MiB",
        "memory_vms": "160MiB",
        "threads": 1.4545454545454546
    }
}