{
    "time": {
        "cpu_time_user": "00:00:00.870",
        "cpu_time_system": "00:00:00.050",
        "runtime": "00:00:01.033",
        "cpu_time_iowait": "00:00:00.000"
    },
    "peak_resources": {
        "cpu_percent": 109.4,
        "memory_rss": "29MiB",
        "memory_vms": "32MiB",
        "threads": 1
    },
    "avg_resources": {
        "cpu_percent": 74.59166666666667,
        "memory_rss": "14MiB",
        "memory_vms": "17MiB",
        "threads": 0.9166666666666666
    }
}