{
    "time": {
        "cpu_time_user": "00:00:00.950",
        "cpu_time_system": "00:00:00.040",
        "runtime": "00:00:01.044",
        "cpu_time_iowait": "00:00:00.000"
    },
    "peak_resources": {
        "cpu_percent": 109.0,
        "memory_rss": "29MiB",
        "memory_vms": "32MiB",
        "threads": 1
    },
    "avg_resources": {
        "cpu_percent": 76.94166666666666,
        "memory_rss": "15MiB",
        "memory_vms": "18MiB",
        "threads": 0.9166666666666666
    }
}