{
  "creator": "Yosys 0.38 (git sha1 543faed9c8c, clang++ 17.0.6 -fPIC -Os)",
  "modules": {
    "carry_lookahead_adder_4bit": {
      "attributes": {
        "top": "00000000000000000000000000000001",
        "src": "/media/hari-the-geth/HPCORE/Programming_with_FPGA_using_HDL/Projects/CLA/carry_lookahead_adder_4bit.v:1.1-32.10"
      },
      "ports": {
        "A": {
          "direction": "input",
          "bits": [ 2, 3, 4, 5 ]
        },
        "B": {
          "direction": "input",
          "bits": [ 6, 7, 8, 9 ]
        },
        "Cin": {
          "direction": "input",
          "bits": [ 10 ]
        },
        "Sum": {
          "direction": "output",
          "bits": [ 11, 12, 13, 14 ]
        },
        "Cout": {
          "direction": "output",
          "bits": [ 15 ]
        }
      },
      "cells": {
        "$and$/media/hari-the-geth/HPCORE/Programming_with_FPGA_using_HDL/Projects/CLA/carry_lookahead_adder_4bit.v:14$2": {
          "hide_name": 1,
          "type": "$and",
          "parameters": {
            "A_SIGNED": "00000000000000000000000000000000",
            "A_WIDTH": "00000000000000000000000000000100",
            "B_SIGNED": "00000000000000000000000000000000",
            "B_WIDTH": "00000000000000000000000000000100",
            "Y_WIDTH": "00000000000000000000000000000100"
          },
          "attributes": {
            "src": "/media/hari-the-geth/HPCORE/Programming_with_FPGA_using_HDL/Projects/CLA/carry_lookahead_adder_4bit.v:14.16-14.21"
          },
          "port_directions": {
            "A": "input",
            "B": "input",
            "Y": "output"
          },
          "connections": {
            "A": [ 2, 3, 4, 5 ],
            "B": [ 6, 7, 8, 9 ],
            "Y": [ 16, 17, 18, 19 ]
          }
        },
        "$and$/media/hari-the-geth/HPCORE/Programming_with_FPGA_using_HDL/Projects/CLA/carry_lookahead_adder_4bit.v:15$3": {
          "hide_name": 1,
          "type": "$and",
          "parameters": {
            "A_SIGNED": "00000000000000000000000000000000",
            "A_WIDTH": "00000000000000000000000000000001",
            "B_SIGNED": "00000000000000000000000000000000",
            "B_WIDTH": "00000000000000000000000000000001",
            "Y_WIDTH": "00000000000000000000000000000100"
          },
          "attributes": {
            "src": "/media/hari-the-geth/HPCORE/Programming_with_FPGA_using_HDL/Projects/CLA/carry_lookahead_adder_4bit.v:15.25-15.36"
          },
          "port_directions": {
            "A": "input",
            "B": "input",
            "Y": "output"
          },
          "connections": {
            "A": [ 20 ],
            "B": [ 16 ],
            "Y": [ 21, 22, 23, 24 ]
          }
        },
        "$and$/media/hari-the-geth/HPCORE/Programming_with_FPGA_using_HDL/Projects/CLA/carry_lookahead_adder_4bit.v:16$5": {
          "hide_name": 1,
          "type": "$and",
          "parameters": {
            "A_SIGNED": "00000000000000000000000000000000",
            "A_WIDTH": "00000000000000000000000000000001",
            "B_SIGNED": "00000000000000000000000000000000",
            "B_WIDTH": "00000000000000000000000000000001",
            "Y_WIDTH": "00000000000000000000000000000100"
          },
          "attributes": {
            "src": "/media/hari-the-geth/HPCORE/Programming_with_FPGA_using_HDL/Projects/CLA/carry_lookahead_adder_4bit.v:16.17-16.28"
          },
          "port_directions": {
            "A": "input",
            "B": "input",
            "Y": "output"
          },
          "connections": {
            "A": [ 20 ],
            "B": [ 25 ],
            "Y": [ 26, 27, 28, 29 ]
          }
        },
        "$and$/media/hari-the-geth/HPCORE/Programming_with_FPGA_using_HDL/Projects/CLA/carry_lookahead_adder_4bit.v:17$6": {
          "hide_name": 1,
          "type": "$and",
          "parameters": {
            "A_SIGNED": "00000000000000000000000000000000",
            "A_WIDTH": "00000000000000000000000000000001",
            "B_SIGNED": "00000000000000000000000000000000",
            "B_WIDTH": "00000000000000000000000000000001",
            "Y_WIDTH": "00000000000000000000000000000100"
          },
          "attributes": {
            "src": "/media/hari-the-geth/HPCORE/Programming_with_FPGA_using_HDL/Projects/CLA/carry_lookahead_adder_4bit.v:17.25-17.36"
          },
          "port_directions": {
            "A": "input",
            "B": "input",
            "Y": "output"
          },
          "connections": {
            "A": [ 30 ],
            "B": [ 17 ],
            "Y": [ 31, 32, 33, 34 ]
          }
        },
        "$and$/media/hari-the-geth/HPCORE/Programming_with_FPGA_using_HDL/Projects/CLA/carry_lookahead_adder_4bit.v:17$8": {
          "hide_name": 1,
          "type": "$and",
          "parameters": {
            "A_SIGNED": "00000000000000000000000000000000",
            "A_WIDTH": "00000000000000000000000000000001",
            "B_SIGNED": "00000000000000000000000000000000",
            "B_WIDTH": "00000000000000000000000000000001",
            "Y_WIDTH": "00000000000000000000000000000100"
          },
          "attributes": {
            "src": "/media/hari-the-geth/HPCORE/Programming_with_FPGA_using_HDL/Projects/CLA/carry_lookahead_adder_4bit.v:17.41-17.50"
          },
          "port_directions": {
            "A": "input",
            "B": "input",
            "Y": "output"
          },
          "connections": {
            "A": [ 30 ],
            "B": [ 20 ],
            "Y": [ 35, 36, 37, 38 ]
          }
        },
        "$and$/media/hari-the-geth/HPCORE/Programming_with_FPGA_using_HDL/Projects/CLA/carry_lookahead_adder_4bit.v:17$9": {
          "hide_name": 1,
          "type": "$and",
          "parameters": {
            "A_SIGNED": "00000000000000000000000000000000",
            "A_WIDTH": "00000000000000000000000000000100",
            "B_SIGNED": "00000000000000000000000000000000",
            "B_WIDTH": "00000000000000000000000000000001",
            "Y_WIDTH": "00000000000000000000000000000100"
          },
          "attributes": {
            "src": "/media/hari-the-geth/HPCORE/Programming_with_FPGA_using_HDL/Projects/CLA/carry_lookahead_adder_4bit.v:17.41-17.55"
          },
          "port_directions": {
            "A": "input",
            "B": "input",
            "Y": "output"
          },
          "connections": {
            "A": [ 35, 36, 37, 38 ],
            "B": [ 16 ],
            "Y": [ 39, 40, 41, 42 ]
          }
        },
        "$and$/media/hari-the-geth/HPCORE/Programming_with_FPGA_using_HDL/Projects/CLA/carry_lookahead_adder_4bit.v:18$11": {
          "hide_name": 1,
          "type": "$and",
          "parameters": {
            "A_SIGNED": "00000000000000000000000000000000",
            "A_WIDTH": "00000000000000000000000000000001",
            "B_SIGNED": "00000000000000000000000000000000",
            "B_WIDTH": "00000000000000000000000000000001",
            "Y_WIDTH": "00000000000000000000000000000100"
          },
          "attributes": {
            "src": "/media/hari-the-geth/HPCORE/Programming_with_FPGA_using_HDL/Projects/CLA/carry_lookahead_adder_4bit.v:18.17-18.26"
          },
          "port_directions": {
            "A": "input",
            "B": "input",
            "Y": "output"
          },
          "connections": {
            "A": [ 30 ],
            "B": [ 20 ],
            "Y": [ 43, 44, 45, 46 ]
          }
        },
        "$and$/media/hari-the-geth/HPCORE/Programming_with_FPGA_using_HDL/Projects/CLA/carry_lookahead_adder_4bit.v:18$12": {
          "hide_name": 1,
          "type": "$and",
          "parameters": {
            "A_SIGNED": "00000000000000000000000000000000",
            "A_WIDTH": "00000000000000000000000000000100",
            "B_SIGNED": "00000000000000000000000000000000",
            "B_WIDTH": "00000000000000000000000000000001",
            "Y_WIDTH": "00000000000000000000000000000100"
          },
          "attributes": {
            "src": "/media/hari-the-geth/HPCORE/Programming_with_FPGA_using_HDL/Projects/CLA/carry_lookahead_adder_4bit.v:18.17-18.31"
          },
          "port_directions": {
            "A": "input",
            "B": "input",
            "Y": "output"
          },
          "connections": {
            "A": [ 43, 44, 45, 46 ],
            "B": [ 25 ],
            "Y": [ 47, 48, 49, 50 ]
          }
        },
        "$and$/media/hari-the-geth/HPCORE/Programming_with_FPGA_using_HDL/Projects/CLA/carry_lookahead_adder_4bit.v:19$13": {
          "hide_name": 1,
          "type": "$and",
          "parameters": {
            "A_SIGNED": "00000000000000000000000000000000",
            "A_WIDTH": "00000000000000000000000000000001",
            "B_SIGNED": "00000000000000000000000000000000",
            "B_WIDTH": "00000000000000000000000000000001",
            "Y_WIDTH": "00000000000000000000000000000100"
          },
          "attributes": {
            "src": "/media/hari-the-geth/HPCORE/Programming_with_FPGA_using_HDL/Projects/CLA/carry_lookahead_adder_4bit.v:19.25-19.34"
          },
          "port_directions": {
            "A": "input",
            "B": "input",
            "Y": "output"
          },
          "connections": {
            "A": [ 51 ],
            "B": [ 18 ],
            "Y": [ 52, 53, 54, 55 ]
          }
        },
        "$and$/media/hari-the-geth/HPCORE/Programming_with_FPGA_using_HDL/Projects/CLA/carry_lookahead_adder_4bit.v:19$16": {
          "hide_name": 1,
          "type": "$and",
          "parameters": {
            "A_SIGNED": "00000000000000000000000000000000",
            "A_WIDTH": "00000000000000000000000000000100",
            "B_SIGNED": "00000000000000000000000000000000",
            "B_WIDTH": "00000000000000000000000000000001",
            "Y_WIDTH": "00000000000000000000000000000100"
          },
          "attributes": {
            "src": "/media/hari-the-geth/HPCORE/Programming_with_FPGA_using_HDL/Projects/CLA/carry_lookahead_adder_4bit.v:19.39-19.53"
          },
          "port_directions": {
            "A": "input",
            "B": "input",
            "Y": "output"
          },
          "connections": {
            "A": [ 51, "0", "0", "0" ],
            "B": [ 17 ],
            "Y": [ 56, 57, 58, 59 ]
          }
        },
        "$and$/media/hari-the-geth/HPCORE/Programming_with_FPGA_using_HDL/Projects/CLA/carry_lookahead_adder_4bit.v:19$18": {
          "hide_name": 1,
          "type": "$and",
          "parameters": {
            "A_SIGNED": "00000000000000000000000000000000",
            "A_WIDTH": "00000000000000000000000000000001",
            "B_SIGNED": "00000000000000000000000000000000",
            "B_WIDTH": "00000000000000000000000000000001",
            "Y_WIDTH": "00000000000000000000000000000100"
          },
          "attributes": {
            "src": "/media/hari-the-geth/HPCORE/Programming_with_FPGA_using_HDL/Projects/CLA/carry_lookahead_adder_4bit.v:19.58-19.67"
          },
          "port_directions": {
            "A": "input",
            "B": "input",
            "Y": "output"
          },
          "connections": {
            "A": [ 51 ],
            "B": [ 30 ],
            "Y": [ 60, 61, 62, 63 ]
          }
        },
        "$and$/media/hari-the-geth/HPCORE/Programming_with_FPGA_using_HDL/Projects/CLA/carry_lookahead_adder_4bit.v:19$19": {
          "hide_name": 1,
          "type": "$and",
          "parameters": {
            "A_SIGNED": "00000000000000000000000000000000",
            "A_WIDTH": "00000000000000000000000000000100",
            "B_SIGNED": "00000000000000000000000000000000",
            "B_WIDTH": "00000000000000000000000000000001",
            "Y_WIDTH": "00000000000000000000000000000100"
          },
          "attributes": {
            "src": "/media/hari-the-geth/HPCORE/Programming_with_FPGA_using_HDL/Projects/CLA/carry_lookahead_adder_4bit.v:19.58-19.72"
          },
          "port_directions": {
            "A": "input",
            "B": "input",
            "Y": "output"
          },
          "connections": {
            "A": [ 60, 61, 62, 63 ],
            "B": [ 20 ],
            "Y": [ 64, 65, 66, 67 ]
          }
        },
        "$and$/media/hari-the-geth/HPCORE/Programming_with_FPGA_using_HDL/Projects/CLA/carry_lookahead_adder_4bit.v:19$20": {
          "hide_name": 1,
          "type": "$and",
          "parameters": {
            "A_SIGNED": "00000000000000000000000000000000",
            "A_WIDTH": "00000000000000000000000000000100",
            "B_SIGNED": "00000000000000000000000000000000",
            "B_WIDTH": "00000000000000000000000000000001",
            "Y_WIDTH": "00000000000000000000000000000100"
          },
          "attributes": {
            "src": "/media/hari-the-geth/HPCORE/Programming_with_FPGA_using_HDL/Projects/CLA/carry_lookahead_adder_4bit.v:19.58-19.77"
          },
          "port_directions": {
            "A": "input",
            "B": "input",
            "Y": "output"
          },
          "connections": {
            "A": [ 64, 65, 66, 67 ],
            "B": [ 16 ],
            "Y": [ 68, 69, 70, 71 ]
          }
        },
        "$and$/media/hari-the-geth/HPCORE/Programming_with_FPGA_using_HDL/Projects/CLA/carry_lookahead_adder_4bit.v:20$22": {
          "hide_name": 1,
          "type": "$and",
          "parameters": {
            "A_SIGNED": "00000000000000000000000000000000",
            "A_WIDTH": "00000000000000000000000000000001",
            "B_SIGNED": "00000000000000000000000000000000",
            "B_WIDTH": "00000000000000000000000000000001",
            "Y_WIDTH": "00000000000000000000000000000100"
          },
          "attributes": {
            "src": "/media/hari-the-geth/HPCORE/Programming_with_FPGA_using_HDL/Projects/CLA/carry_lookahead_adder_4bit.v:20.17-20.26"
          },
          "port_directions": {
            "A": "input",
            "B": "input",
            "Y": "output"
          },
          "connections": {
            "A": [ 51 ],
            "B": [ 30 ],
            "Y": [ 72, 73, 74, 75 ]
          }
        },
        "$and$/media/hari-the-geth/HPCORE/Programming_with_FPGA_using_HDL/Projects/CLA/carry_lookahead_adder_4bit.v:20$23": {
          "hide_name": 1,
          "type": "$and",
          "parameters": {
            "A_SIGNED": "00000000000000000000000000000000",
            "A_WIDTH": "00000000000000000000000000000100",
            "B_SIGNED": "00000000000000000000000000000000",
            "B_WIDTH": "00000000000000000000000000000001",
            "Y_WIDTH": "00000000000000000000000000000100"
          },
          "attributes": {
            "src": "/media/hari-the-geth/HPCORE/Programming_with_FPGA_using_HDL/Projects/CLA/carry_lookahead_adder_4bit.v:20.17-20.31"
          },
          "port_directions": {
            "A": "input",
            "B": "input",
            "Y": "output"
          },
          "connections": {
            "A": [ 72, 73, 74, 75 ],
            "B": [ 20 ],
            "Y": [ 76, 77, 78, 79 ]
          }
        },
        "$and$/media/hari-the-geth/HPCORE/Programming_with_FPGA_using_HDL/Projects/CLA/carry_lookahead_adder_4bit.v:20$24": {
          "hide_name": 1,
          "type": "$and",
          "parameters": {
            "A_SIGNED": "00000000000000000000000000000000",
            "A_WIDTH": "00000000000000000000000000000100",
            "B_SIGNED": "00000000000000000000000000000000",
            "B_WIDTH": "00000000000000000000000000000001",
            "Y_WIDTH": "00000000000000000000000000000100"
          },
          "attributes": {
            "src": "/media/hari-the-geth/HPCORE/Programming_with_FPGA_using_HDL/Projects/CLA/carry_lookahead_adder_4bit.v:20.17-20.36"
          },
          "port_directions": {
            "A": "input",
            "B": "input",
            "Y": "output"
          },
          "connections": {
            "A": [ 76, 77, 78, 79 ],
            "B": [ 25 ],
            "Y": [ 80, 81, 82, 83 ]
          }
        },
        "$and$/media/hari-the-geth/HPCORE/Programming_with_FPGA_using_HDL/Projects/CLA/carry_lookahead_adder_4bit.v:24$25": {
          "hide_name": 1,
          "type": "$and",
          "parameters": {
            "A_SIGNED": "00000000000000000000000000000000",
            "A_WIDTH": "00000000000000000000000000000001",
            "B_SIGNED": "00000000000000000000000000000000",
            "B_WIDTH": "00000000000000000000000000000001",
            "Y_WIDTH": "00000000000000000000000000000001"
          },
          "attributes": {
            "src": "/media/hari-the-geth/HPCORE/Programming_with_FPGA_using_HDL/Projects/CLA/carry_lookahead_adder_4bit.v:24.27-24.36"
          },
          "port_directions": {
            "A": "input",
            "B": "input",
            "Y": "output"
          },
          "connections": {
            "A": [ 25 ],
            "B": [ 10 ],
            "Y": [ 84 ]
          }
        },
        "$and$/media/hari-the-geth/HPCORE/Programming_with_FPGA_using_HDL/Projects/CLA/carry_lookahead_adder_4bit.v:25$27": {
          "hide_name": 1,
          "type": "$and",
          "parameters": {
            "A_SIGNED": "00000000000000000000000000000000",
            "A_WIDTH": "00000000000000000000000000000100",
            "B_SIGNED": "00000000000000000000000000000000",
            "B_WIDTH": "00000000000000000000000000000001",
            "Y_WIDTH": "00000000000000000000000000000100"
          },
          "attributes": {
            "src": "/media/hari-the-geth/HPCORE/Programming_with_FPGA_using_HDL/Projects/CLA/carry_lookahead_adder_4bit.v:25.25-25.33"
          },
          "port_directions": {
            "A": "input",
            "B": "input",
            "Y": "output"
          },
          "connections": {
            "A": [ 26, 27, 28, 29 ],
            "B": [ 10 ],
            "Y": [ 85, 86, 87, 88 ]
          }
        },
        "$and$/media/hari-the-geth/HPCORE/Programming_with_FPGA_using_HDL/Projects/CLA/carry_lookahead_adder_4bit.v:26$29": {
          "hide_name": 1,
          "type": "$and",
          "parameters": {
            "A_SIGNED": "00000000000000000000000000000000",
            "A_WIDTH": "00000000000000000000000000000100",
            "B_SIGNED": "00000000000000000000000000000000",
            "B_WIDTH": "00000000000000000000000000000001",
            "Y_WIDTH": "00000000000000000000000000000100"
          },
          "attributes": {
            "src": "/media/hari-the-geth/HPCORE/Programming_with_FPGA_using_HDL/Projects/CLA/carry_lookahead_adder_4bit.v:26.25-26.33"
          },
          "port_directions": {
            "A": "input",
            "B": "input",
            "Y": "output"
          },
          "connections": {
            "A": [ 47, 48, 49, 50 ],
            "B": [ 10 ],
            "Y": [ 89, 90, 91, 92 ]
          }
        },
        "$and$/media/hari-the-geth/HPCORE/Programming_with_FPGA_using_HDL/Projects/CLA/carry_lookahead_adder_4bit.v:27$31": {
          "hide_name": 1,
          "type": "$and",
          "parameters": {
            "A_SIGNED": "00000000000000000000000000000000",
            "A_WIDTH": "00000000000000000000000000000100",
            "B_SIGNED": "00000000000000000000000000000000",
            "B_WIDTH": "00000000000000000000000000000001",
            "Y_WIDTH": "00000000000000000000000000000100"
          },
          "attributes": {
            "src": "/media/hari-the-geth/HPCORE/Programming_with_FPGA_using_HDL/Projects/CLA/carry_lookahead_adder_4bit.v:27.25-27.33"
          },
          "port_directions": {
            "A": "input",
            "B": "input",
            "Y": "output"
          },
          "connections": {
            "A": [ 80, 81, 82, 83 ],
            "B": [ 10 ],
            "Y": [ 93, 94, 95, 96 ]
          }
        },
        "$or$/media/hari-the-geth/HPCORE/Programming_with_FPGA_using_HDL/Projects/CLA/carry_lookahead_adder_4bit.v:15$4": {
          "hide_name": 1,
          "type": "$or",
          "parameters": {
            "A_SIGNED": "00000000000000000000000000000000",
            "A_WIDTH": "00000000000000000000000000000001",
            "B_SIGNED": "00000000000000000000000000000000",
            "B_WIDTH": "00000000000000000000000000000100",
            "Y_WIDTH": "00000000000000000000000000000100"
          },
          "attributes": {
            "src": "/media/hari-the-geth/HPCORE/Programming_with_FPGA_using_HDL/Projects/CLA/carry_lookahead_adder_4bit.v:15.17-15.37"
          },
          "port_directions": {
            "A": "input",
            "B": "input",
            "Y": "output"
          },
          "connections": {
            "A": [ 17 ],
            "B": [ 21, 22, 23, 24 ],
            "Y": [ 97, 98, 99, 100 ]
          }
        },
        "$or$/media/hari-the-geth/HPCORE/Programming_with_FPGA_using_HDL/Projects/CLA/carry_lookahead_adder_4bit.v:17$10": {
          "hide_name": 1,
          "type": "$or",
          "parameters": {
            "A_SIGNED": "00000000000000000000000000000000",
            "A_WIDTH": "00000000000000000000000000000100",
            "B_SIGNED": "00000000000000000000000000000000",
            "B_WIDTH": "00000000000000000000000000000100",
            "Y_WIDTH": "00000000000000000000000000000100"
          },
          "attributes": {
            "src": "/media/hari-the-geth/HPCORE/Programming_with_FPGA_using_HDL/Projects/CLA/carry_lookahead_adder_4bit.v:17.17-17.56"
          },
          "port_directions": {
            "A": "input",
            "B": "input",
            "Y": "output"
          },
          "connections": {
            "A": [ 101, 102, 103, 104 ],
            "B": [ 39, 40, 41, 42 ],
            "Y": [ 105, 106, 107, 108 ]
          }
        },
        "$or$/media/hari-the-geth/HPCORE/Programming_with_FPGA_using_HDL/Projects/CLA/carry_lookahead_adder_4bit.v:17$7": {
          "hide_name": 1,
          "type": "$or",
          "parameters": {
            "A_SIGNED": "00000000000000000000000000000000",
            "A_WIDTH": "00000000000000000000000000000001",
            "B_SIGNED": "00000000000000000000000000000000",
            "B_WIDTH": "00000000000000000000000000000100",
            "Y_WIDTH": "00000000000000000000000000000100"
          },
          "attributes": {
            "src": "/media/hari-the-geth/HPCORE/Programming_with_FPGA_using_HDL/Projects/CLA/carry_lookahead_adder_4bit.v:17.17-17.37"
          },
          "port_directions": {
            "A": "input",
            "B": "input",
            "Y": "output"
          },
          "connections": {
            "A": [ 18 ],
            "B": [ 31, 32, 33, 34 ],
            "Y": [ 101, 102, 103, 104 ]
          }
        },
        "$or$/media/hari-the-geth/HPCORE/Programming_with_FPGA_using_HDL/Projects/CLA/carry_lookahead_adder_4bit.v:19$14": {
          "hide_name": 1,
          "type": "$or",
          "parameters": {
            "A_SIGNED": "00000000000000000000000000000000",
            "A_WIDTH": "00000000000000000000000000000001",
            "B_SIGNED": "00000000000000000000000000000000",
            "B_WIDTH": "00000000000000000000000000000100",
            "Y_WIDTH": "00000000000000000000000000000100"
          },
          "attributes": {
            "src": "/media/hari-the-geth/HPCORE/Programming_with_FPGA_using_HDL/Projects/CLA/carry_lookahead_adder_4bit.v:19.17-19.35"
          },
          "port_directions": {
            "A": "input",
            "B": "input",
            "Y": "output"
          },
          "connections": {
            "A": [ 19 ],
            "B": [ 52, 53, 54, 55 ],
            "Y": [ 109, 110, 111, 112 ]
          }
        },
        "$or$/media/hari-the-geth/HPCORE/Programming_with_FPGA_using_HDL/Projects/CLA/carry_lookahead_adder_4bit.v:19$17": {
          "hide_name": 1,
          "type": "$or",
          "parameters": {
            "A_SIGNED": "00000000000000000000000000000000",
            "A_WIDTH": "00000000000000000000000000000100",
            "B_SIGNED": "00000000000000000000000000000000",
            "B_WIDTH": "00000000000000000000000000000100",
            "Y_WIDTH": "00000000000000000000000000000100"
          },
          "attributes": {
            "src": "/media/hari-the-geth/HPCORE/Programming_with_FPGA_using_HDL/Projects/CLA/carry_lookahead_adder_4bit.v:19.17-19.54"
          },
          "port_directions": {
            "A": "input",
            "B": "input",
            "Y": "output"
          },
          "connections": {
            "A": [ 109, 110, 111, 112 ],
            "B": [ 56, 57, 58, 59 ],
            "Y": [ 113, 114, 115, 116 ]
          }
        },
        "$or$/media/hari-the-geth/HPCORE/Programming_with_FPGA_using_HDL/Projects/CLA/carry_lookahead_adder_4bit.v:19$21": {
          "hide_name": 1,
          "type": "$or",
          "parameters": {
            "A_SIGNED": "00000000000000000000000000000000",
            "A_WIDTH": "00000000000000000000000000000100",
            "B_SIGNED": "00000000000000000000000000000000",
            "B_WIDTH": "00000000000000000000000000000100",
            "Y_WIDTH": "00000000000000000000000000000100"
          },
          "attributes": {
            "src": "/media/hari-the-geth/HPCORE/Programming_with_FPGA_using_HDL/Projects/CLA/carry_lookahead_adder_4bit.v:19.17-19.78"
          },
          "port_directions": {
            "A": "input",
            "B": "input",
            "Y": "output"
          },
          "connections": {
            "A": [ 113, 114, 115, 116 ],
            "B": [ 68, 69, 70, 71 ],
            "Y": [ 117, 118, 119, 120 ]
          }
        },
        "$or$/media/hari-the-geth/HPCORE/Programming_with_FPGA_using_HDL/Projects/CLA/carry_lookahead_adder_4bit.v:24$26": {
          "hide_name": 1,
          "type": "$or",
          "parameters": {
            "A_SIGNED": "00000000000000000000000000000000",
            "A_WIDTH": "00000000000000000000000000000001",
            "B_SIGNED": "00000000000000000000000000000000",
            "B_WIDTH": "00000000000000000000000000000001",
            "Y_WIDTH": "00000000000000000000000000000001"
          },
          "attributes": {
            "src": "/media/hari-the-geth/HPCORE/Programming_with_FPGA_using_HDL/Projects/CLA/carry_lookahead_adder_4bit.v:24.19-24.37"
          },
          "port_directions": {
            "A": "input",
            "B": "input",
            "Y": "output"
          },
          "connections": {
            "A": [ 16 ],
            "B": [ 84 ],
            "Y": [ 121 ]
          }
        },
        "$or$/media/hari-the-geth/HPCORE/Programming_with_FPGA_using_HDL/Projects/CLA/carry_lookahead_adder_4bit.v:25$28": {
          "hide_name": 1,
          "type": "$or",
          "parameters": {
            "A_SIGNED": "00000000000000000000000000000000",
            "A_WIDTH": "00000000000000000000000000000100",
            "B_SIGNED": "00000000000000000000000000000000",
            "B_WIDTH": "00000000000000000000000000000100",
            "Y_WIDTH": "00000000000000000000000000000100"
          },
          "attributes": {
            "src": "/media/hari-the-geth/HPCORE/Programming_with_FPGA_using_HDL/Projects/CLA/carry_lookahead_adder_4bit.v:25.19-25.34"
          },
          "port_directions": {
            "A": "input",
            "B": "input",
            "Y": "output"
          },
          "connections": {
            "A": [ 97, 98, 99, 100 ],
            "B": [ 85, 86, 87, 88 ],
            "Y": [ 122, 123, 124, 125 ]
          }
        },
        "$or$/media/hari-the-geth/HPCORE/Programming_with_FPGA_using_HDL/Projects/CLA/carry_lookahead_adder_4bit.v:26$30": {
          "hide_name": 1,
          "type": "$or",
          "parameters": {
            "A_SIGNED": "00000000000000000000000000000000",
            "A_WIDTH": "00000000000000000000000000000100",
            "B_SIGNED": "00000000000000000000000000000000",
            "B_WIDTH": "00000000000000000000000000000100",
            "Y_WIDTH": "00000000000000000000000000000100"
          },
          "attributes": {
            "src": "/media/hari-the-geth/HPCORE/Programming_with_FPGA_using_HDL/Projects/CLA/carry_lookahead_adder_4bit.v:26.19-26.34"
          },
          "port_directions": {
            "A": "input",
            "B": "input",
            "Y": "output"
          },
          "connections": {
            "A": [ 105, 106, 107, 108 ],
            "B": [ 89, 90, 91, 92 ],
            "Y": [ 126, 127, 128, 129 ]
          }
        },
        "$or$/media/hari-the-geth/HPCORE/Programming_with_FPGA_using_HDL/Projects/CLA/carry_lookahead_adder_4bit.v:27$32": {
          "hide_name": 1,
          "type": "$or",
          "parameters": {
            "A_SIGNED": "00000000000000000000000000000000",
            "A_WIDTH": "00000000000000000000000000000100",
            "B_SIGNED": "00000000000000000000000000000000",
            "B_WIDTH": "00000000000000000000000000000100",
            "Y_WIDTH": "00000000000000000000000000000100"
          },
          "attributes": {
            "src": "/media/hari-the-geth/HPCORE/Programming_with_FPGA_using_HDL/Projects/CLA/carry_lookahead_adder_4bit.v:27.19-27.34"
          },
          "port_directions": {
            "A": "input",
            "B": "input",
            "Y": "output"
          },
          "connections": {
            "A": [ 117, 118, 119, 120 ],
            "B": [ 93, 94, 95, 96 ],
            "Y": [ 15, 130, 131, 132 ]
          }
        },
        "$xor$/media/hari-the-geth/HPCORE/Programming_with_FPGA_using_HDL/Projects/CLA/carry_lookahead_adder_4bit.v:13$1": {
          "hide_name": 1,
          "type": "$xor",
          "parameters": {
            "A_SIGNED": "00000000000000000000000000000000",
            "A_WIDTH": "00000000000000000000000000000100",
            "B_SIGNED": "00000000000000000000000000000000",
            "B_WIDTH": "00000000000000000000000000000100",
            "Y_WIDTH": "00000000000000000000000000000100"
          },
          "attributes": {
            "src": "/media/hari-the-geth/HPCORE/Programming_with_FPGA_using_HDL/Projects/CLA/carry_lookahead_adder_4bit.v:13.16-13.21"
          },
          "port_directions": {
            "A": "input",
            "B": "input",
            "Y": "output"
          },
          "connections": {
            "A": [ 2, 3, 4, 5 ],
            "B": [ 6, 7, 8, 9 ],
            "Y": [ 25, 20, 30, 51 ]
          }
        },
        "$xor$/media/hari-the-geth/HPCORE/Programming_with_FPGA_using_HDL/Projects/CLA/carry_lookahead_adder_4bit.v:30$33": {
          "hide_name": 1,
          "type": "$xor",
          "parameters": {
            "A_SIGNED": "00000000000000000000000000000000",
            "A_WIDTH": "00000000000000000000000000000100",
            "B_SIGNED": "00000000000000000000000000000000",
            "B_WIDTH": "00000000000000000000000000000100",
            "Y_WIDTH": "00000000000000000000000000000100"
          },
          "attributes": {
            "src": "/media/hari-the-geth/HPCORE/Programming_with_FPGA_using_HDL/Projects/CLA/carry_lookahead_adder_4bit.v:30.18-30.28"
          },
          "port_directions": {
            "A": "input",
            "B": "input",
            "Y": "output"
          },
          "connections": {
            "A": [ 25, 20, 30, 51 ],
            "B": [ 10, 121, 122, 126 ],
            "Y": [ 11, 12, 13, 14 ]
          }
        }
      },
      "netnames": {
        "$and$/media/hari-the-geth/HPCORE/Programming_with_FPGA_using_HDL/Projects/CLA/carry_lookahead_adder_4bit.v:15$3_Y": {
          "hide_name": 1,
          "bits": [ 21, 22, 23, 24 ],
          "attributes": {
            "src": "/media/hari-the-geth/HPCORE/Programming_with_FPGA_using_HDL/Projects/CLA/carry_lookahead_adder_4bit.v:15.25-15.36"
          }
        },
        "$and$/media/hari-the-geth/HPCORE/Programming_with_FPGA_using_HDL/Projects/CLA/carry_lookahead_adder_4bit.v:17$6_Y": {
          "hide_name": 1,
          "bits": [ 31, 32, 33, 34 ],
          "attributes": {
            "src": "/media/hari-the-geth/HPCORE/Programming_with_FPGA_using_HDL/Projects/CLA/carry_lookahead_adder_4bit.v:17.25-17.36"
          }
        },
        "$and$/media/hari-the-geth/HPCORE/Programming_with_FPGA_using_HDL/Projects/CLA/carry_lookahead_adder_4bit.v:17$8_Y": {
          "hide_name": 1,
          "bits": [ 35, 36, 37, 38 ],
          "attributes": {
            "src": "/media/hari-the-geth/HPCORE/Programming_with_FPGA_using_HDL/Projects/CLA/carry_lookahead_adder_4bit.v:17.41-17.50"
          }
        },
        "$and$/media/hari-the-geth/HPCORE/Programming_with_FPGA_using_HDL/Projects/CLA/carry_lookahead_adder_4bit.v:17$9_Y": {
          "hide_name": 1,
          "bits": [ 39, 40, 41, 42 ],
          "attributes": {
            "src": "/media/hari-the-geth/HPCORE/Programming_with_FPGA_using_HDL/Projects/CLA/carry_lookahead_adder_4bit.v:17.41-17.55"
          }
        },
        "$and$/media/hari-the-geth/HPCORE/Programming_with_FPGA_using_HDL/Projects/CLA/carry_lookahead_adder_4bit.v:18$11_Y": {
          "hide_name": 1,
          "bits": [ 43, 44, 45, 46 ],
          "attributes": {
            "src": "/media/hari-the-geth/HPCORE/Programming_with_FPGA_using_HDL/Projects/CLA/carry_lookahead_adder_4bit.v:18.17-18.26"
          }
        },
        "$and$/media/hari-the-geth/HPCORE/Programming_with_FPGA_using_HDL/Projects/CLA/carry_lookahead_adder_4bit.v:19$13_Y": {
          "hide_name": 1,
          "bits": [ 52, 53, 54, 55 ],
          "attributes": {
            "src": "/media/hari-the-geth/HPCORE/Programming_with_FPGA_using_HDL/Projects/CLA/carry_lookahead_adder_4bit.v:19.25-19.34"
          }
        },
        "$and$/media/hari-the-geth/HPCORE/Programming_with_FPGA_using_HDL/Projects/CLA/carry_lookahead_adder_4bit.v:19$16_Y": {
          "hide_name": 1,
          "bits": [ 56, 57, 58, 59 ],
          "attributes": {
            "src": "/media/hari-the-geth/HPCORE/Programming_with_FPGA_using_HDL/Projects/CLA/carry_lookahead_adder_4bit.v:19.39-19.53"
          }
        },
        "$and$/media/hari-the-geth/HPCORE/Programming_with_FPGA_using_HDL/Projects/CLA/carry_lookahead_adder_4bit.v:19$18_Y": {
          "hide_name": 1,
          "bits": [ 60, 61, 62, 63 ],
          "attributes": {
            "src": "/media/hari-the-geth/HPCORE/Programming_with_FPGA_using_HDL/Projects/CLA/carry_lookahead_adder_4bit.v:19.58-19.67"
          }
        },
        "$and$/media/hari-the-geth/HPCORE/Programming_with_FPGA_using_HDL/Projects/CLA/carry_lookahead_adder_4bit.v:19$19_Y": {
          "hide_name": 1,
          "bits": [ 64, 65, 66, 67 ],
          "attributes": {
            "src": "/media/hari-the-geth/HPCORE/Programming_with_FPGA_using_HDL/Projects/CLA/carry_lookahead_adder_4bit.v:19.58-19.72"
          }
        },
        "$and$/media/hari-the-geth/HPCORE/Programming_with_FPGA_using_HDL/Projects/CLA/carry_lookahead_adder_4bit.v:19$20_Y": {
          "hide_name": 1,
          "bits": [ 68, 69, 70, 71 ],
          "attributes": {
            "src": "/media/hari-the-geth/HPCORE/Programming_with_FPGA_using_HDL/Projects/CLA/carry_lookahead_adder_4bit.v:19.58-19.77"
          }
        },
        "$and$/media/hari-the-geth/HPCORE/Programming_with_FPGA_using_HDL/Projects/CLA/carry_lookahead_adder_4bit.v:20$22_Y": {
          "hide_name": 1,
          "bits": [ 72, 73, 74, 75 ],
          "attributes": {
            "src": "/media/hari-the-geth/HPCORE/Programming_with_FPGA_using_HDL/Projects/CLA/carry_lookahead_adder_4bit.v:20.17-20.26"
          }
        },
        "$and$/media/hari-the-geth/HPCORE/Programming_with_FPGA_using_HDL/Projects/CLA/carry_lookahead_adder_4bit.v:20$23_Y": {
          "hide_name": 1,
          "bits": [ 76, 77, 78, 79 ],
          "attributes": {
            "src": "/media/hari-the-geth/HPCORE/Programming_with_FPGA_using_HDL/Projects/CLA/carry_lookahead_adder_4bit.v:20.17-20.31"
          }
        },
        "$and$/media/hari-the-geth/HPCORE/Programming_with_FPGA_using_HDL/Projects/CLA/carry_lookahead_adder_4bit.v:24$25_Y": {
          "hide_name": 1,
          "bits": [ 84 ],
          "attributes": {
            "src": "/media/hari-the-geth/HPCORE/Programming_with_FPGA_using_HDL/Projects/CLA/carry_lookahead_adder_4bit.v:24.27-24.36"
          }
        },
        "$and$/media/hari-the-geth/HPCORE/Programming_with_FPGA_using_HDL/Projects/CLA/carry_lookahead_adder_4bit.v:25$27_Y": {
          "hide_name": 1,
          "bits": [ 85, 86, 87, 88 ],
          "attributes": {
            "src": "/media/hari-the-geth/HPCORE/Programming_with_FPGA_using_HDL/Projects/CLA/carry_lookahead_adder_4bit.v:25.25-25.33"
          }
        },
        "$and$/media/hari-the-geth/HPCORE/Programming_with_FPGA_using_HDL/Projects/CLA/carry_lookahead_adder_4bit.v:26$29_Y": {
          "hide_name": 1,
          "bits": [ 89, 90, 91, 92 ],
          "attributes": {
            "src": "/media/hari-the-geth/HPCORE/Programming_with_FPGA_using_HDL/Projects/CLA/carry_lookahead_adder_4bit.v:26.25-26.33"
          }
        },
        "$and$/media/hari-the-geth/HPCORE/Programming_with_FPGA_using_HDL/Projects/CLA/carry_lookahead_adder_4bit.v:27$31_Y": {
          "hide_name": 1,
          "bits": [ 93, 94, 95, 96 ],
          "attributes": {
            "src": "/media/hari-the-geth/HPCORE/Programming_with_FPGA_using_HDL/Projects/CLA/carry_lookahead_adder_4bit.v:27.25-27.33"
          }
        },
        "$or$/media/hari-the-geth/HPCORE/Programming_with_FPGA_using_HDL/Projects/CLA/carry_lookahead_adder_4bit.v:17$7_Y": {
          "hide_name": 1,
          "bits": [ 101, 102, 103, 104 ],
          "attributes": {
            "src": "/media/hari-the-geth/HPCORE/Programming_with_FPGA_using_HDL/Projects/CLA/carry_lookahead_adder_4bit.v:17.17-17.37"
          }
        },
        "$or$/media/hari-the-geth/HPCORE/Programming_with_FPGA_using_HDL/Projects/CLA/carry_lookahead_adder_4bit.v:19$14_Y": {
          "hide_name": 1,
          "bits": [ 109, 110, 111, 112 ],
          "attributes": {
            "src": "/media/hari-the-geth/HPCORE/Programming_with_FPGA_using_HDL/Projects/CLA/carry_lookahead_adder_4bit.v:19.17-19.35"
          }
        },
        "$or$/media/hari-the-geth/HPCORE/Programming_with_FPGA_using_HDL/Projects/CLA/carry_lookahead_adder_4bit.v:19$17_Y": {
          "hide_name": 1,
          "bits": [ 113, 114, 115, 116 ],
          "attributes": {
            "src": "/media/hari-the-geth/HPCORE/Programming_with_FPGA_using_HDL/Projects/CLA/carry_lookahead_adder_4bit.v:19.17-19.54"
          }
        },
        "$or$/media/hari-the-geth/HPCORE/Programming_with_FPGA_using_HDL/Projects/CLA/carry_lookahead_adder_4bit.v:25$28_Y": {
          "hide_name": 1,
          "bits": [ 122, 123, 124, 125 ],
          "attributes": {
            "src": "/media/hari-the-geth/HPCORE/Programming_with_FPGA_using_HDL/Projects/CLA/carry_lookahead_adder_4bit.v:25.19-25.34",
            "unused_bits": "1 2 3"
          }
        },
        "$or$/media/hari-the-geth/HPCORE/Programming_with_FPGA_using_HDL/Projects/CLA/carry_lookahead_adder_4bit.v:26$30_Y": {
          "hide_name": 1,
          "bits": [ 126, 127, 128, 129 ],
          "attributes": {
            "src": "/media/hari-the-geth/HPCORE/Programming_with_FPGA_using_HDL/Projects/CLA/carry_lookahead_adder_4bit.v:26.19-26.34",
            "unused_bits": "1 2 3"
          }
        },
        "$or$/media/hari-the-geth/HPCORE/Programming_with_FPGA_using_HDL/Projects/CLA/carry_lookahead_adder_4bit.v:27$32_Y": {
          "hide_name": 1,
          "bits": [ 15, 130, 131, 132 ],
          "attributes": {
            "src": "/media/hari-the-geth/HPCORE/Programming_with_FPGA_using_HDL/Projects/CLA/carry_lookahead_adder_4bit.v:27.19-27.34",
            "unused_bits": "1 2 3"
          }
        },
        "A": {
          "hide_name": 0,
          "bits": [ 2, 3, 4, 5 ],
          "attributes": {
            "src": "/media/hari-the-geth/HPCORE/Programming_with_FPGA_using_HDL/Projects/CLA/carry_lookahead_adder_4bit.v:2.17-2.18"
          }
        },
        "A1": {
          "hide_name": 0,
          "bits": [ 97, 98, 99, 100 ],
          "attributes": {
            "src": "/media/hari-the-geth/HPCORE/Programming_with_FPGA_using_HDL/Projects/CLA/carry_lookahead_adder_4bit.v:9.21-9.23"
          }
        },
        "A2": {
          "hide_name": 0,
          "bits": [ 26, 27, 28, 29 ],
          "attributes": {
            "src": "/media/hari-the-geth/HPCORE/Programming_with_FPGA_using_HDL/Projects/CLA/carry_lookahead_adder_4bit.v:9.24-9.26"
          }
        },
        "A3": {
          "hide_name": 0,
          "bits": [ 105, 106, 107, 108 ],
          "attributes": {
            "src": "/media/hari-the-geth/HPCORE/Programming_with_FPGA_using_HDL/Projects/CLA/carry_lookahead_adder_4bit.v:9.27-9.29"
          }
        },
        "A4": {
          "hide_name": 0,
          "bits": [ 47, 48, 49, 50 ],
          "attributes": {
            "src": "/media/hari-the-geth/HPCORE/Programming_with_FPGA_using_HDL/Projects/CLA/carry_lookahead_adder_4bit.v:9.30-9.32"
          }
        },
        "A5": {
          "hide_name": 0,
          "bits": [ 117, 118, 119, 120 ],
          "attributes": {
            "src": "/media/hari-the-geth/HPCORE/Programming_with_FPGA_using_HDL/Projects/CLA/carry_lookahead_adder_4bit.v:9.33-9.35"
          }
        },
        "A6": {
          "hide_name": 0,
          "bits": [ 80, 81, 82, 83 ],
          "attributes": {
            "src": "/media/hari-the-geth/HPCORE/Programming_with_FPGA_using_HDL/Projects/CLA/carry_lookahead_adder_4bit.v:9.36-9.38"
          }
        },
        "B": {
          "hide_name": 0,
          "bits": [ 6, 7, 8, 9 ],
          "attributes": {
            "src": "/media/hari-the-geth/HPCORE/Programming_with_FPGA_using_HDL/Projects/CLA/carry_lookahead_adder_4bit.v:3.17-3.18"
          }
        },
        "C": {
          "hide_name": 0,
          "bits": [ 10, 121, 122, 126 ],
          "attributes": {
            "src": "/media/hari-the-geth/HPCORE/Programming_with_FPGA_using_HDL/Projects/CLA/carry_lookahead_adder_4bit.v:10.16-10.17"
          }
        },
        "Cin": {
          "hide_name": 0,
          "bits": [ 10 ],
          "attributes": {
            "src": "/media/hari-the-geth/HPCORE/Programming_with_FPGA_using_HDL/Projects/CLA/carry_lookahead_adder_4bit.v:4.11-4.14"
          }
        },
        "Cout": {
          "hide_name": 0,
          "bits": [ 15 ],
          "attributes": {
            "src": "/media/hari-the-geth/HPCORE/Programming_with_FPGA_using_HDL/Projects/CLA/carry_lookahead_adder_4bit.v:6.12-6.16"
          }
        },
        "G": {
          "hide_name": 0,
          "bits": [ 16, 17, 18, 19 ],
          "attributes": {
            "src": "/media/hari-the-geth/HPCORE/Programming_with_FPGA_using_HDL/Projects/CLA/carry_lookahead_adder_4bit.v:9.19-9.20"
          }
        },
        "P": {
          "hide_name": 0,
          "bits": [ 25, 20, 30, 51 ],
          "attributes": {
            "src": "/media/hari-the-geth/HPCORE/Programming_with_FPGA_using_HDL/Projects/CLA/carry_lookahead_adder_4bit.v:9.16-9.17"
          }
        },
        "Sum": {
          "hide_name": 0,
          "bits": [ 11, 12, 13, 14 ],
          "attributes": {
            "src": "/media/hari-the-geth/HPCORE/Programming_with_FPGA_using_HDL/Projects/CLA/carry_lookahead_adder_4bit.v:5.18-5.21"
          }
        }
      }
    }
  }
}
