{
    "time": {
        "cpu_time_user": "00:00:00.350",
        "cpu_time_system": "00:00:00.030",
        "runtime": "00:00:00.560",
        "cpu_time_iowait": "00:00:00.000"
    },
    "peak_resources": {
        "cpu_percent": 100.7,
        "memory_rss": "37MiB",
        "memory_vms": "68MiB",
        "threads": 1
    },
    "avg_resources": {
        "cpu_percent": 50.98333333333333,
        "memory_rss": "11MiB",
        "memory_vms": "21MiB",
        "threads": 0.8333333333333334
    }
}