{
    "time": {
        "cpu_time_user": "00:00:00.940",
        "cpu_time_system": "00:00:00.050",
        "runtime": "00:00:01.200",
        "cpu_time_iowait": "00:00:00.000"
    },
    "peak_resources": {
        "cpu_percent": 102.6,
        "memory_rss": "29MiB",
        "memory_vms": "32MiB",
        "threads": 1
    },
    "avg_resources": {
        "cpu_percent": 68.69230769230768,
        "memory_rss": "15MiB",
        "memory_vms": "18MiB",
        "threads": 0.9230769230769231
    }
}