{
    "time": {
        "cpu_time_user": "00:00:00.990",
        "cpu_time_system": "00:00:00.100",
        "runtime": "00:00:01.208",
        "cpu_time_iowait": "00:00:00.000"
    },
    "peak_resources": {
        "cpu_percent": 109.5,
        "memory_rss": "108MiB",
        "memory_vms": "240MiB",
        "threads": 2
    },
    "avg_resources": {
        "cpu_percent": 77.38571428571427,
        "memory_rss": "62MiB",
        "memory_vms": "167MiB",
        "threads": 1.5714285714285714
    }
}