{
    "time": {
        "cpu_time_user": "00:00:02.160",
        "cpu_time_system": "00:00:00.280",
        "runtime": "00:00:03.293",
        "cpu_time_iowait": "00:00:00.000"
    },
    "peak_resources": {
        "cpu_percent": 109.6,
        "memory_rss": "31MiB",
        "memory_vms": "34MiB",
        "threads": 1
    },
    "avg_resources": {
        "cpu_percent": 69.53529411764708,
        "memory_rss": "17MiB",
        "memory_vms": "21MiB",
        "threads": 0.9705882352941176
    }
}