{
    "time": {
        "cpu_time_user": "00:00:02.229",
        "cpu_time_system": "00:00:00.280",
        "runtime": "00:00:03.314",
        "cpu_time_iowait": "00:00:00.000"
    },
    "peak_resources": {
        "cpu_percent": 108.7,
        "memory_rss": "31MiB",
        "memory_vms": "34MiB",
        "threads": 1
    },
    "avg_resources": {
        "cpu_percent": 69.37647058823529,
        "memory_rss": "18MiB",
        "memory_vms": "21MiB",
        "threads": 0.9705882352941176
    }
}