{
    "time": {
        "cpu_time_user": "00:00:02.220",
        "cpu_time_system": "00:00:00.340",
        "runtime": "00:00:02.709",
        "cpu_time_iowait": "00:00:00.000"
    },
    "peak_resources": {
        "cpu_percent": 109.5,
        "memory_rss": "88MiB",
        "memory_vms": "103MiB",
        "threads": 2
    },
    "avg_resources": {
        "cpu_percent": 87.61785714285716,
        "memory_rss": "65MiB",
        "memory_vms": "75MiB",
        "threads": 1.4285714285714284
    }
}