{
    "time": {
        "cpu_time_user": "00:00:00.590",
        "cpu_time_system": "00:00:00.090",
        "runtime": "00:00:00.706",
        "cpu_time_iowait": "00:00:00.000"
    },
    "peak_resources": {
        "cpu_percent": 109.4,
        "memory_rss": "99MiB",
        "memory_vms": "193MiB",
        "threads": 1
    },
    "avg_resources": {
        "cpu_percent": 74.94444444444446,
        "memory_rss": "43MiB",
        "memory_vms": "100MiB",
        "threads": 0.8888888888888888
    }
}