{
    "time": {
        "cpu_time_user": "00:00:03.830",
        "cpu_time_system": "00:00:00.260",
        "runtime": "00:00:04.116",
        "cpu_time_iowait": "00:00:00.000"
    },
    "peak_resources": {
        "cpu_percent": 113.8,
        "memory_rss": "145MiB",
        "memory_vms": "857MiB",
        "threads": 9
    },
    "avg_resources": {
        "cpu_percent": 94.26842105263158,
        "memory_rss": "110MiB",
        "memory_vms": "660MiB",
        "threads": 6.657894736842105
    }
}