{
    "time": {
        "cpu_time_user": "00:00:00.670",
        "cpu_time_system": "00:00:00.030",
        "runtime": "00:00:00.717",
        "cpu_time_iowait": "00:00:00.000"
    },
    "peak_resources": {
        "cpu_percent": 107.8,
        "memory_rss": "27MiB",
        "memory_vms": "31MiB",
        "threads": 1
    },
    "avg_resources": {
        "cpu_percent": 70.46666666666668,
        "memory_rss": "13MiB",
        "memory_vms": "16MiB",
        "threads": 0.8888888888888888
    }
}