{
    "time": {
        "cpu_time_user": "00:00:00.680",
        "cpu_time_system": "00:00:00.110",
        "runtime": "00:00:00.909",
        "cpu_time_iowait": "00:00:00.000"
    },
    "peak_resources": {
        "cpu_percent": 109.3,
        "memory_rss": "121MiB",
        "memory_vms": "249MiB",
        "threads": 2
    },
    "avg_resources": {
        "cpu_percent": 71.23636363636363,
        "memory_rss": "56MiB",
        "memory_vms": "144MiB",
        "threads": 1.4545454545454546
    }
}