{
    "time": {
        "cpu_time_user": "00:00:00.980",
        "cpu_time_system": "00:00:00.280",
        "runtime": "00:00:01.324",
        "cpu_time_iowait": "00:00:00.000"
    },
    "peak_resources": {
        "cpu_percent": 109.4,
        "memory_rss": "167MiB",
        "memory_vms": "300MiB",
        "threads": 2
    },
    "avg_resources": {
        "cpu_percent": 81.99285714285715,
        "memory_rss": "83MiB",
        "memory_vms": "192MiB",
        "threads": 1.6428571428571428
    }
}