{
    "time": {
        "cpu_time_user": "00:00:03.799",
        "cpu_time_system": "00:00:00.210",
        "runtime": "00:00:04.117",
        "cpu_time_iowait": "00:00:00.000"
    },
    "peak_resources": {
        "cpu_percent": 118.0,
        "memory_rss": "97MiB",
        "memory_vms": "104MiB",
        "threads": 1
    },
    "avg_resources": {
        "cpu_percent": 92.13076923076925,
        "memory_rss": "75MiB",
        "memory_vms": "81MiB",
        "threads": 0.9743589743589743
    }
}