{
    "time": {
        "cpu_time_user": "00:00:00.900",
        "cpu_time_system": "00:00:00.210",
        "runtime": "00:00:01.169",
        "cpu_time_iowait": "00:00:00.000"
    },
    "peak_resources": {
        "cpu_percent": 109.5,
        "memory_rss": "165MiB",
        "memory_vms": "299MiB",
        "threads": 2
    },
    "avg_resources": {
        "cpu_percent": 80.36153846153844,
        "memory_rss": "76MiB",
        "memory_vms": "189MiB",
        "threads": 1.6153846153846154
    }
}