{
    "time": {
        "cpu_time_user": "00:00:00.710",
        "cpu_time_system": "00:00:00.120",
        "runtime": "00:00:00.912",
        "cpu_time_iowait": "00:00:00.000"
    },
    "peak_resources": {
        "cpu_percent": 109.4,
        "memory_rss": "114MiB",
        "memory_vms": "247MiB",
        "threads": 2
    },
    "avg_resources": {
        "cpu_percent": 74.47272727272727,
        "memory_rss": "60MiB",
        "memory_vms": "168MiB",
        "threads": 1.4545454545454546
    }
}