{
    "time": {
        "cpu_time_user": "00:00:00.830",
        "cpu_time_system": "00:00:00.090",
        "runtime": "00:00:00.945",
        "cpu_time_iowait": "00:00:00.000"
    },
    "peak_resources": {
        "cpu_percent": 107.9,
        "memory_rss": "106MiB",
        "memory_vms": "239MiB",
        "threads": 2
    },
    "avg_resources": {
        "cpu_percent": 79.78181818181818,
        "memory_rss": "60MiB",
        "memory_vms": "170MiB",
        "threads": 1.5454545454545454
    }
}