{
	"floorplan__design__io": 14,
	"design__io__hpwl": 1319016,
	"design__io": 16,
	"design__die__area": 47923.5,
	"design__core__area": 40739.1,
	"design__instance__count": 591,
	"design__instance__area": 918.381,
	"design__instance__count__stdcell": 591,
	"design__instance__area__stdcell": 918.381,
	"design__instance__count__macros": 0,
	"design__instance__area__macros": 0,
	"design__instance__utilization": 0.022543,
	"design__instance__utilization__stdcell": 0.022543,
	"flow__warnings__count": 4,
	"flow__errors__count": 0
}