[
  {
   "pins": [
      [
        "A",
        "B",
        "gnd",
        "Y",
        "vdd"
      ], [
        "A",
        "B",
        "gnd",
        "Y",
        "vdd"
      ]
   ]
  },
  {
   "pins": [
      [
        "A",
        "B",
        "gnd",
        "Y",
        "vdd"
      ], [
        "A",
        "B",
        "gnd",
        "Y",
        "vdd"
      ]
   ]
  },
  {
   "pins": [
      [
        "A",
        "B",
        "gnd",
        "Y",
        "vdd"
      ], [
        "A",
        "B",
        "gnd",
        "Y",
        "vdd"
      ]
   ]
  },
  {
   "pins": [
      [
        "A",
        "B",
        "gnd",
        "Y",
        "vdd"
      ], [
        "A",
        "B",
        "gnd",
        "Y",
        "vdd"
      ]
   ]
  },
  {
   "pins": [
      [
        "A",
        "B",
        "C",
        "gnd",
        "Y",
        "vdd"
      ], [
        "A",
        "B",
        "C",
        "gnd",
        "Y",
        "vdd"
      ]
   ]
  },
  {
   "pins": [
      [
        "A",
        "B",
        "gnd",
        "Y",
        "vdd"
      ], [
        "A",
        "B",
        "gnd",
        "Y",
        "vdd"
      ]
   ]
  },
  {
   "pins": [
      [
        "A",
        "B",
        "C",
        "gnd",
        "Y",
        "vdd"
      ], [
        "A",
        "B",
        "C",
        "gnd",
        "Y",
        "vdd"
      ]
   ]
  },
  {
   "pins": [
      [
        "A",
        "B",
        "C",
        "gnd",
        "Y",
        "vdd"
      ], [
        "A",
        "B",
        "C",
        "gnd",
        "Y",
        "vdd"
      ]
   ]
  },
  {
   "pins": [
      [
        "A",
        "gnd",
        "Y",
        "vdd"
      ], [
        "A",
        "gnd",
        "Y",
        "vdd"
      ]
   ]
  },
  {
   "pins": [
      [
        "A",
        "B",
        "gnd",
        "Y",
        "vdd"
      ], [
        "A",
        "B",
        "gnd",
        "Y",
        "vdd"
      ]
   ]
  },
  {
   "pins": [
      [
        "A",
        "B",
        "C",
        "gnd",
        "Y",
        "vdd"
      ], [
        "A",
        "B",
        "C",
        "gnd",
        "Y",
        "vdd"
      ]
   ]
  },
  {
   "pins": [
      [
        "A",
        "gnd",
        "Y",
        "vdd"
      ], [
        "A",
        "gnd",
        "Y",
        "vdd"
      ]
   ]
  },
  {
   "name": [
      "carry_lookahead_adder_4bit",
      "carry_lookahead_adder_4bit"
   ],
   "devices": [
       [
         ["NOR3X1", 1],
         ["XOR2X1", 3],
         ["NAND3X1", 2],
         ["OAI21X1", 5],
         ["BUFX2", 5],
         ["AOI21X1", 1],
         ["NOR2X1", 1],
         ["NAND2X1", 8],
         ["INVX1", 3],
         ["XNOR2X1", 5],
         ["AND2X2", 1],
         ["OR2X2", 1 ]
       ], [
         ["NOR3X1", 1 ],
         ["XOR2X1", 3 ],
         ["NAND3X1", 2 ],
         ["OAI21X1", 5 ],
         ["BUFX2", 5 ],
         ["AOI21X1", 1 ],
         ["NOR2X1", 1 ],
         ["NAND2X1", 8 ],
         ["INVX1", 3 ],
         ["XNOR2X1", 5 ],
         ["AND2X2", 1 ],
         ["OR2X2", 1 ]
       ]
   ],
   "nets": [
    47,
    47
   ],
   "badnets": [
   ],
   "badelements": [
   ],
   "pins": [
      [
        "Sum[1]",
        "Sum[0]",
        "Sum[2]",
        "Cout",
        "Sum[3]",
        "B[3]",
        "A[3]",
        "B[1]",
        "A[1]",
        "Cin",
        "B[2]",
        "A[2]",
        "B[0]",
        "A[0]",
        "vdd",
        "gnd"
      ], [
        "Sum[1]",
        "Sum[0]",
        "Sum[2]",
        "Cout",
        "Sum[3]",
        "B[3]",
        "A[3]",
        "B[1]",
        "A[1]",
        "Cin",
        "B[2]",
        "A[2]",
        "B[0]",
        "A[0]",
        "vdd",
        "gnd"
      ]
   ]
  }
]
