{
    "time": {
        "cpu_time_user": "00:00:01.000",
        "cpu_time_system": "00:00:00.090",
        "runtime": "00:00:01.207",
        "cpu_time_iowait": "00:00:00.000"
    },
    "peak_resources": {
        "cpu_percent": 109.5,
        "memory_rss": "116MiB",
        "memory_vms": "249MiB",
        "threads": 2
    },
    "avg_resources": {
        "cpu_percent": 77.42142857142856,
        "memory_rss": "66MiB",
        "memory_vms": "164MiB",
        "threads": 1.5714285714285714
    }
}