{
    "time": {
        "cpu_time_user": "00:00:04.320",
        "cpu_time_system": "00:00:00.130",
        "runtime": "00:00:04.542",
        "cpu_time_iowait": "00:00:00.000"
    },
    "peak_resources": {
        "cpu_percent": 109.4,
        "memory_rss": "125MiB",
        "memory_vms": "132MiB",
        "threads": 1
    },
    "avg_resources": {
        "cpu_percent": 93.81914893617025,
        "memory_rss": "101MiB",
        "memory_vms": "108MiB",
        "threads": 0.9787234042553191
    }
}