{
    "nl": "/media/hari-the-geth/HPCORE/Programming_with_FPGA_using_HDL/Projects/CLA/runs/RUN_2025-01-03_21-46-57/50-openroad-fillinsertion/carry_lookahead_adder_4bit.nl.v",
    "pnl": "/media/hari-the-geth/HPCORE/Programming_with_FPGA_using_HDL/Projects/CLA/runs/RUN_2025-01-03_21-46-57/50-openroad-fillinsertion/carry_lookahead_adder_4bit.pnl.v",
    "pnl-sdf-friendly": null,
    "pnl-npc": null,
    "def": "/media/hari-the-geth/HPCORE/Programming_with_FPGA_using_HDL/Projects/CLA/runs/RUN_2025-01-03_21-46-57/50-openroad-fillinsertion/carry_lookahead_adder_4bit.def",
    "lef": "/media/hari-the-geth/HPCORE/Programming_with_FPGA_using_HDL/Projects/CLA/runs/RUN_2025-01-03_21-46-57/56-magic-writelef/carry_lookahead_adder_4bit.lef",
    "openroad-lef": null,
    "odb": "/media/hari-the-geth/HPCORE/Programming_with_FPGA_using_HDL/Projects/CLA/runs/RUN_2025-01-03_21-46-57/50-openroad-fillinsertion/carry_lookahead_adder_4bit.odb",
    "sdc": "/media/hari-the-geth/HPCORE/Programming_with_FPGA_using_HDL/Projects/CLA/runs/RUN_2025-01-03_21-46-57/50-openroad-fillinsertion/carry_lookahead_adder_4bit.sdc",
    "sdf": {
        "nom_tt_025C_1v80": "/media/hari-the-geth/HPCORE/Programming_with_FPGA_using_HDL/Projects/CLA/runs/RUN_2025-01-03_21-46-57/52-openroad-stapostpnr/nom_tt_025C_1v80/carry_lookahead_adder_4bit__nom_tt_025C_1v80.sdf",
        "nom_ss_100C_1v60": "/media/hari-the-geth/HPCORE/Programming_with_FPGA_using_HDL/Projects/CLA/runs/RUN_2025-01-03_21-46-57/52-openroad-stapostpnr/nom_ss_100C_1v60/carry_lookahead_adder_4bit__nom_ss_100C_1v60.sdf",
        "nom_ff_n40C_1v95": "/media/hari-the-geth/HPCORE/Programming_with_FPGA_using_HDL/Projects/CLA/runs/RUN_2025-01-03_21-46-57/52-openroad-stapostpnr/nom_ff_n40C_1v95/carry_lookahead_adder_4bit__nom_ff_n40C_1v95.sdf",
        "min_tt_025C_1v80": "/media/hari-the-geth/HPCORE/Programming_with_FPGA_using_HDL/Projects/CLA/runs/RUN_2025-01-03_21-46-57/52-openroad-stapostpnr/min_tt_025C_1v80/carry_lookahead_adder_4bit__min_tt_025C_1v80.sdf",
        "min_ss_100C_1v60": "/media/hari-the-geth/HPCORE/Programming_with_FPGA_using_HDL/Projects/CLA/runs/RUN_2025-01-03_21-46-57/52-openroad-stapostpnr/min_ss_100C_1v60/carry_lookahead_adder_4bit__min_ss_100C_1v60.sdf",
        "min_ff_n40C_1v95": "/media/hari-the-geth/HPCORE/Programming_with_FPGA_using_HDL/Projects/CLA/runs/RUN_2025-01-03_21-46-57/52-openroad-stapostpnr/min_ff_n40C_1v95/carry_lookahead_adder_4bit__min_ff_n40C_1v95.sdf",
        "max_tt_025C_1v80": "/media/hari-the-geth/HPCORE/Programming_with_FPGA_using_HDL/Projects/CLA/runs/RUN_2025-01-03_21-46-57/52-openroad-stapostpnr/max_tt_025C_1v80/carry_lookahead_adder_4bit__max_tt_025C_1v80.sdf",
        "max_ss_100C_1v60": "/media/hari-the-geth/HPCORE/Programming_with_FPGA_using_HDL/Projects/CLA/runs/RUN_2025-01-03_21-46-57/52-openroad-stapostpnr/max_ss_100C_1v60/carry_lookahead_adder_4bit__max_ss_100C_1v60.sdf",
        "max_ff_n40C_1v95": "/media/hari-the-geth/HPCORE/Programming_with_FPGA_using_HDL/Projects/CLA/runs/RUN_2025-01-03_21-46-57/52-openroad-stapostpnr/max_ff_n40C_1v95/carry_lookahead_adder_4bit__max_ff_n40C_1v95.sdf"
    },
    "spef": {
        "nom_*": "/media/hari-the-geth/HPCORE/Programming_with_FPGA_using_HDL/Projects/CLA/runs/RUN_2025-01-03_21-46-57/51-openroad-rcx/nom/carry_lookahead_adder_4bit.nom.spef",
        "min_*": "/media/hari-the-geth/HPCORE/Programming_with_FPGA_using_HDL/Projects/CLA/runs/RUN_2025-01-03_21-46-57/51-openroad-rcx/min/carry_lookahead_adder_4bit.min.spef",
        "max_*": "/media/hari-the-geth/HPCORE/Programming_with_FPGA_using_HDL/Projects/CLA/runs/RUN_2025-01-03_21-46-57/51-openroad-rcx/max/carry_lookahead_adder_4bit.max.spef"
    },
    "lib": {
        "nom_tt_025C_1v80": "/media/hari-the-geth/HPCORE/Programming_with_FPGA_using_HDL/Projects/CLA/runs/RUN_2025-01-03_21-46-57/52-openroad-stapostpnr/nom_tt_025C_1v80/carry_lookahead_adder_4bit__nom_tt_025C_1v80.lib",
        "nom_ss_100C_1v60": "/media/hari-the-geth/HPCORE/Programming_with_FPGA_using_HDL/Projects/CLA/runs/RUN_2025-01-03_21-46-57/52-openroad-stapostpnr/nom_ss_100C_1v60/carry_lookahead_adder_4bit__nom_ss_100C_1v60.lib",
        "nom_ff_n40C_1v95": "/media/hari-the-geth/HPCORE/Programming_with_FPGA_using_HDL/Projects/CLA/runs/RUN_2025-01-03_21-46-57/52-openroad-stapostpnr/nom_ff_n40C_1v95/carry_lookahead_adder_4bit__nom_ff_n40C_1v95.lib",
        "min_tt_025C_1v80": "/media/hari-the-geth/HPCORE/Programming_with_FPGA_using_HDL/Projects/CLA/runs/RUN_2025-01-03_21-46-57/52-openroad-stapostpnr/min_tt_025C_1v80/carry_lookahead_adder_4bit__min_tt_025C_1v80.lib",
        "min_ss_100C_1v60": "/media/hari-the-geth/HPCORE/Programming_with_FPGA_using_HDL/Projects/CLA/runs/RUN_2025-01-03_21-46-57/52-openroad-stapostpnr/min_ss_100C_1v60/carry_lookahead_adder_4bit__min_ss_100C_1v60.lib",
        "min_ff_n40C_1v95": "/media/hari-the-geth/HPCORE/Programming_with_FPGA_using_HDL/Projects/CLA/runs/RUN_2025-01-03_21-46-57/52-openroad-stapostpnr/min_ff_n40C_1v95/carry_lookahead_adder_4bit__min_ff_n40C_1v95.lib",
        "max_tt_025C_1v80": "/media/hari-the-geth/HPCORE/Programming_with_FPGA_using_HDL/Projects/CLA/runs/RUN_2025-01-03_21-46-57/52-openroad-stapostpnr/max_tt_025C_1v80/carry_lookahead_adder_4bit__max_tt_025C_1v80.lib",
        "max_ss_100C_1v60": "/media/hari-the-geth/HPCORE/Programming_with_FPGA_using_HDL/Projects/CLA/runs/RUN_2025-01-03_21-46-57/52-openroad-stapostpnr/max_ss_100C_1v60/carry_lookahead_adder_4bit__max_ss_100C_1v60.lib",
        "max_ff_n40C_1v95": "/media/hari-the-geth/HPCORE/Programming_with_FPGA_using_HDL/Projects/CLA/runs/RUN_2025-01-03_21-46-57/52-openroad-stapostpnr/max_ff_n40C_1v95/carry_lookahead_adder_4bit__max_ff_n40C_1v95.lib"
    },
    "spice": null,
    "mag": "/media/hari-the-geth/HPCORE/Programming_with_FPGA_using_HDL/Projects/CLA/runs/RUN_2025-01-03_21-46-57/54-magic-streamout/carry_lookahead_adder_4bit.mag",
    "gds": "/media/hari-the-geth/HPCORE/Programming_with_FPGA_using_HDL/Projects/CLA/runs/RUN_2025-01-03_21-46-57/54-magic-streamout/carry_lookahead_adder_4bit.gds",
    "mag_gds": "/media/hari-the-geth/HPCORE/Programming_with_FPGA_using_HDL/Projects/CLA/runs/RUN_2025-01-03_21-46-57/54-magic-streamout/carry_lookahead_adder_4bit.magic.gds",
    "klayout_gds": "/media/hari-the-geth/HPCORE/Programming_with_FPGA_using_HDL/Projects/CLA/runs/RUN_2025-01-03_21-46-57/55-klayout-streamout/carry_lookahead_adder_4bit.klayout.gds",
    "json_h": "/media/hari-the-geth/HPCORE/Programming_with_FPGA_using_HDL/Projects/CLA/runs/RUN_2025-01-03_21-46-57/05-yosys-jsonheader/carry_lookahead_adder_4bit.h.json",
    "vh": "/media/hari-the-geth/HPCORE/Programming_with_FPGA_using_HDL/Projects/CLA/runs/RUN_2025-01-03_21-46-57/28-odb-writeverilogheader/carry_lookahead_adder_4bit.vh",
    "metrics": {
        "design__lint_error__count": 0,
        "design__lint_timing_construct__count": 0,
        "design__lint_warning__count": 35,
        "design__inferred_latch__count": 0,
        "design__instance__count": 605,
        "design__instance__area": 918.381,
        "design__instance_unmapped__count": 0,
        "synthesis__check_error__count": 0,
        "design__max_slew_violation__count__corner:nom_tt_025C_1v80": 0,
        "design__max_fanout_violation__count__corner:nom_tt_025C_1v80": 0,
        "design__max_cap_violation__count__corner:nom_tt_025C_1v80": 0,
        "power__internal__total": 2.915595359809231e-06,
        "power__switching__total": 6.519833277707221e-06,
        "power__leakage__total": 3.0608822143562975e-09,
        "power__total": 9.438489541935269e-06,
        "clock__skew__worst_hold__corner:nom_tt_025C_1v80": 0,
        "clock__skew__worst_setup__corner:nom_tt_025C_1v80": 0,
        "timing__hold__ws__corner:nom_tt_025C_1v80": 10.138558723971792,
        "timing__setup__ws__corner:nom_tt_025C_1v80": 13.379350450678396,
        "timing__hold__tns__corner:nom_tt_025C_1v80": 0,
        "timing__setup__tns__corner:nom_tt_025C_1v80": 0,
        "timing__hold__wns__corner:nom_tt_025C_1v80": 0,
        "timing__setup__wns__corner:nom_tt_025C_1v80": 0,
        "timing__hold_vio__count__corner:nom_tt_025C_1v80": 0,
        "timing__hold_r2r__ws__corner:nom_tt_025C_1v80": Infinity,
        "timing__hold_r2r_vio__count__corner:nom_tt_025C_1v80": 0,
        "timing__setup_vio__count__corner:nom_tt_025C_1v80": 0,
        "timing__setup_r2r__ws__corner:nom_tt_025C_1v80": Infinity,
        "timing__setup_r2r_vio__count__corner:nom_tt_025C_1v80": 0,
        "design__max_slew_violation__count__corner:nom_ss_100C_1v60": 0,
        "design__max_fanout_violation__count__corner:nom_ss_100C_1v60": 0,
        "design__max_cap_violation__count__corner:nom_ss_100C_1v60": 0,
        "clock__skew__worst_hold__corner:nom_ss_100C_1v60": 0,
        "clock__skew__worst_setup__corner:nom_ss_100C_1v60": 0,
        "timing__hold__ws__corner:nom_ss_100C_1v60": 10.498066713081393,
        "timing__setup__ws__corner:nom_ss_100C_1v60": 12.091938459447826,
        "timing__hold__tns__corner:nom_ss_100C_1v60": 0,
        "timing__setup__tns__corner:nom_ss_100C_1v60": 0,
        "timing__hold__wns__corner:nom_ss_100C_1v60": 0,
        "timing__setup__wns__corner:nom_ss_100C_1v60": 0,
        "timing__hold_vio__count__corner:nom_ss_100C_1v60": 0,
        "timing__hold_r2r__ws__corner:nom_ss_100C_1v60": Infinity,
        "timing__hold_r2r_vio__count__corner:nom_ss_100C_1v60": 0,
        "timing__setup_vio__count__corner:nom_ss_100C_1v60": 0,
        "timing__setup_r2r__ws__corner:nom_ss_100C_1v60": Infinity,
        "timing__setup_r2r_vio__count__corner:nom_ss_100C_1v60": 0,
        "design__max_slew_violation__count__corner:nom_ff_n40C_1v95": 0,
        "design__max_fanout_violation__count__corner:nom_ff_n40C_1v95": 0,
        "design__max_cap_violation__count__corner:nom_ff_n40C_1v95": 0,
        "clock__skew__worst_hold__corner:nom_ff_n40C_1v95": 0,
        "clock__skew__worst_setup__corner:nom_ff_n40C_1v95": 0,
        "timing__hold__ws__corner:nom_ff_n40C_1v95": 10.001937339232763,
        "timing__setup__ws__corner:nom_ff_n40C_1v95": 13.899136457404794,
        "timing__hold__tns__corner:nom_ff_n40C_1v95": 0,
        "timing__setup__tns__corner:nom_ff_n40C_1v95": 0,
        "timing__hold__wns__corner:nom_ff_n40C_1v95": 0,
        "timing__setup__wns__corner:nom_ff_n40C_1v95": 0,
        "timing__hold_vio__count__corner:nom_ff_n40C_1v95": 0,
        "timing__hold_r2r__ws__corner:nom_ff_n40C_1v95": Infinity,
        "timing__hold_r2r_vio__count__corner:nom_ff_n40C_1v95": 0,
        "timing__setup_vio__count__corner:nom_ff_n40C_1v95": 0,
        "timing__setup_r2r__ws__corner:nom_ff_n40C_1v95": Infinity,
        "timing__setup_r2r_vio__count__corner:nom_ff_n40C_1v95": 0,
        "design__max_slew_violation__count": 0,
        "design__max_fanout_violation__count": 0,
        "design__max_cap_violation__count": 0,
        "clock__skew__worst_hold": 0,
        "clock__skew__worst_setup": 0,
        "timing__hold__ws": 9.999805710965196,
        "timing__setup__ws": 12.055541794957566,
        "timing__hold__tns": 0,
        "timing__setup__tns": 0,
        "timing__hold__wns": 0,
        "timing__setup__wns": 0,
        "timing__hold_vio__count": 0,
        "timing__hold_r2r__ws": Infinity,
        "timing__hold_r2r_vio__count": 0,
        "timing__setup_vio__count": 0,
        "timing__setup_r2r__ws": Infinity,
        "timing__setup_r2r_vio__count": 0,
        "design__die__bbox": "0.0 0.0 213.62 224.34",
        "design__core__bbox": "5.52 10.88 207.92 212.16",
        "flow__warnings__count": 1,
        "flow__errors__count": 0,
        "design__io": 16,
        "design__die__area": 47923.5,
        "design__core__area": 40739.1,
        "design__instance__count__stdcell": 605,
        "design__instance__area__stdcell": 918.381,
        "design__instance__count__macros": 0,
        "design__instance__area__macros": 0,
        "design__instance__utilization": 0.022543,
        "design__instance__utilization__stdcell": 0.022543,
        "design__power_grid_violation__count__net:VGND": 0,
        "design__power_grid_violation__count__net:VPWR": 0,
        "design__power_grid_violation__count": 0,
        "floorplan__design__io": 14,
        "design__io__hpwl": 1319016,
        "timing__drv__floating__nets": 0,
        "timing__drv__floating__pins": 0,
        "design__instance__displacement__total": 0,
        "design__instance__displacement__mean": 0,
        "design__instance__displacement__max": 0,
        "route__wirelength__estimated": 1332.15,
        "design__violations": 0,
        "design__instance__count__setup_buffer": 0,
        "design__instance__count__hold_buffer": 0,
        "antenna__violating__nets": 0,
        "antenna__violating__pins": 0,
        "route__antenna_violation__count": 0,
        "route__net": 44,
        "route__net__special": 2,
        "route__drc_errors__iter:1": 4,
        "route__wirelength__iter:1": 1290,
        "route__drc_errors__iter:2": 4,
        "route__wirelength__iter:2": 1289,
        "route__drc_errors__iter:3": 0,
        "route__wirelength__iter:3": 1291,
        "route__drc_errors": 0,
        "route__wirelength": 1291,
        "route__vias": 201,
        "route__vias__singlecut": 201,
        "route__vias__multicut": 0,
        "design__disconnected_pin__count": 0,
        "design__critical_disconnected_pin__count": 0,
        "route__wirelength__max": 96.78,
        "timing__unannotated_net__count__corner:nom_tt_025C_1v80": 0,
        "timing__unannotated_net_filtered__count__corner:nom_tt_025C_1v80": 0,
        "timing__unannotated_net__count__corner:nom_ss_100C_1v60": 0,
        "timing__unannotated_net_filtered__count__corner:nom_ss_100C_1v60": 0,
        "timing__unannotated_net__count__corner:nom_ff_n40C_1v95": 0,
        "timing__unannotated_net_filtered__count__corner:nom_ff_n40C_1v95": 0,
        "design__max_slew_violation__count__corner:min_tt_025C_1v80": 0,
        "design__max_fanout_violation__count__corner:min_tt_025C_1v80": 0,
        "design__max_cap_violation__count__corner:min_tt_025C_1v80": 0,
        "clock__skew__worst_hold__corner:min_tt_025C_1v80": 0,
        "clock__skew__worst_setup__corner:min_tt_025C_1v80": 0,
        "timing__hold__ws__corner:min_tt_025C_1v80": 10.135347070715325,
        "timing__setup__ws__corner:min_tt_025C_1v80": 13.405738232273984,
        "timing__hold__tns__corner:min_tt_025C_1v80": 0,
        "timing__setup__tns__corner:min_tt_025C_1v80": 0,
        "timing__hold__wns__corner:min_tt_025C_1v80": 0,
        "timing__setup__wns__corner:min_tt_025C_1v80": 0,
        "timing__hold_vio__count__corner:min_tt_025C_1v80": 0,
        "timing__hold_r2r__ws__corner:min_tt_025C_1v80": Infinity,
        "timing__hold_r2r_vio__count__corner:min_tt_025C_1v80": 0,
        "timing__setup_vio__count__corner:min_tt_025C_1v80": 0,
        "timing__setup_r2r__ws__corner:min_tt_025C_1v80": Infinity,
        "timing__setup_r2r_vio__count__corner:min_tt_025C_1v80": 0,
        "timing__unannotated_net__count__corner:min_tt_025C_1v80": 0,
        "timing__unannotated_net_filtered__count__corner:min_tt_025C_1v80": 0,
        "design__max_slew_violation__count__corner:min_ss_100C_1v60": 0,
        "design__max_fanout_violation__count__corner:min_ss_100C_1v60": 0,
        "design__max_cap_violation__count__corner:min_ss_100C_1v60": 0,
        "clock__skew__worst_hold__corner:min_ss_100C_1v60": 0,
        "clock__skew__worst_setup__corner:min_ss_100C_1v60": 0,
        "timing__hold__ws__corner:min_ss_100C_1v60": 10.492323751257189,
        "timing__setup__ws__corner:min_ss_100C_1v60": 12.141005877631882,
        "timing__hold__tns__corner:min_ss_100C_1v60": 0,
        "timing__setup__tns__corner:min_ss_100C_1v60": 0,
        "timing__hold__wns__corner:min_ss_100C_1v60": 0,
        "timing__setup__wns__corner:min_ss_100C_1v60": 0,
        "timing__hold_vio__count__corner:min_ss_100C_1v60": 0,
        "timing__hold_r2r__ws__corner:min_ss_100C_1v60": Infinity,
        "timing__hold_r2r_vio__count__corner:min_ss_100C_1v60": 0,
        "timing__setup_vio__count__corner:min_ss_100C_1v60": 0,
        "timing__setup_r2r__ws__corner:min_ss_100C_1v60": Infinity,
        "timing__setup_r2r_vio__count__corner:min_ss_100C_1v60": 0,
        "timing__unannotated_net__count__corner:min_ss_100C_1v60": 0,
        "timing__unannotated_net_filtered__count__corner:min_ss_100C_1v60": 0,
        "design__max_slew_violation__count__corner:min_ff_n40C_1v95": 0,
        "design__max_fanout_violation__count__corner:min_ff_n40C_1v95": 0,
        "design__max_cap_violation__count__corner:min_ff_n40C_1v95": 0,
        "clock__skew__worst_hold__corner:min_ff_n40C_1v95": 0,
        "clock__skew__worst_setup__corner:min_ff_n40C_1v95": 0,
        "timing__hold__ws__corner:min_ff_n40C_1v95": 9.999805710965196,
        "timing__setup__ws__corner:min_ff_n40C_1v95": 13.915914148227435,
        "timing__hold__tns__corner:min_ff_n40C_1v95": 0,
        "timing__setup__tns__corner:min_ff_n40C_1v95": 0,
        "timing__hold__wns__corner:min_ff_n40C_1v95": 0,
        "timing__setup__wns__corner:min_ff_n40C_1v95": 0,
        "timing__hold_vio__count__corner:min_ff_n40C_1v95": 0,
        "timing__hold_r2r__ws__corner:min_ff_n40C_1v95": Infinity,
        "timing__hold_r2r_vio__count__corner:min_ff_n40C_1v95": 0,
        "timing__setup_vio__count__corner:min_ff_n40C_1v95": 0,
        "timing__setup_r2r__ws__corner:min_ff_n40C_1v95": Infinity,
        "timing__setup_r2r_vio__count__corner:min_ff_n40C_1v95": 0,
        "timing__unannotated_net__count__corner:min_ff_n40C_1v95": 0,
        "timing__unannotated_net_filtered__count__corner:min_ff_n40C_1v95": 0,
        "design__max_slew_violation__count__corner:max_tt_025C_1v80": 0,
        "design__max_fanout_violation__count__corner:max_tt_025C_1v80": 0,
        "design__max_cap_violation__count__corner:max_tt_025C_1v80": 0,
        "clock__skew__worst_hold__corner:max_tt_025C_1v80": 0,
        "clock__skew__worst_setup__corner:max_tt_025C_1v80": 0,
        "timing__hold__ws__corner:max_tt_025C_1v80": 10.1416264923202,
        "timing__setup__ws__corner:max_tt_025C_1v80": 13.358933892767329,
        "timing__hold__tns__corner:max_tt_025C_1v80": 0,
        "timing__setup__tns__corner:max_tt_025C_1v80": 0,
        "timing__hold__wns__corner:max_tt_025C_1v80": 0,
        "timing__setup__wns__corner:max_tt_025C_1v80": 0,
        "timing__hold_vio__count__corner:max_tt_025C_1v80": 0,
        "timing__hold_r2r__ws__corner:max_tt_025C_1v80": Infinity,
        "timing__hold_r2r_vio__count__corner:max_tt_025C_1v80": 0,
        "timing__setup_vio__count__corner:max_tt_025C_1v80": 0,
        "timing__setup_r2r__ws__corner:max_tt_025C_1v80": Infinity,
        "timing__setup_r2r_vio__count__corner:max_tt_025C_1v80": 0,
        "timing__unannotated_net__count__corner:max_tt_025C_1v80": 0,
        "timing__unannotated_net_filtered__count__corner:max_tt_025C_1v80": 0,
        "design__max_slew_violation__count__corner:max_ss_100C_1v60": 0,
        "design__max_fanout_violation__count__corner:max_ss_100C_1v60": 0,
        "design__max_cap_violation__count__corner:max_ss_100C_1v60": 0,
        "clock__skew__worst_hold__corner:max_ss_100C_1v60": 0,
        "clock__skew__worst_setup__corner:max_ss_100C_1v60": 0,
        "timing__hold__ws__corner:max_ss_100C_1v60": 10.503497036093018,
        "timing__setup__ws__corner:max_ss_100C_1v60": 12.055541794957566,
        "timing__hold__tns__corner:max_ss_100C_1v60": 0,
        "timing__setup__tns__corner:max_ss_100C_1v60": 0,
        "timing__hold__wns__corner:max_ss_100C_1v60": 0,
        "timing__setup__wns__corner:max_ss_100C_1v60": 0,
        "timing__hold_vio__count__corner:max_ss_100C_1v60": 0,
        "timing__hold_r2r__ws__corner:max_ss_100C_1v60": Infinity,
        "timing__hold_r2r_vio__count__corner:max_ss_100C_1v60": 0,
        "timing__setup_vio__count__corner:max_ss_100C_1v60": 0,
        "timing__setup_r2r__ws__corner:max_ss_100C_1v60": Infinity,
        "timing__setup_r2r_vio__count__corner:max_ss_100C_1v60": 0,
        "timing__unannotated_net__count__corner:max_ss_100C_1v60": 0,
        "timing__unannotated_net_filtered__count__corner:max_ss_100C_1v60": 0,
        "design__max_slew_violation__count__corner:max_ff_n40C_1v95": 0,
        "design__max_fanout_violation__count__corner:max_ff_n40C_1v95": 0,
        "design__max_cap_violation__count__corner:max_ff_n40C_1v95": 0,
        "clock__skew__worst_hold__corner:max_ff_n40C_1v95": 0,
        "clock__skew__worst_setup__corner:max_ff_n40C_1v95": 0,
        "timing__hold__ws__corner:max_ff_n40C_1v95": 10.004143574489694,
        "timing__setup__ws__corner:max_ff_n40C_1v95": 13.886166387575095,
        "timing__hold__tns__corner:max_ff_n40C_1v95": 0,
        "timing__setup__tns__corner:max_ff_n40C_1v95": 0,
        "timing__hold__wns__corner:max_ff_n40C_1v95": 0,
        "timing__setup__wns__corner:max_ff_n40C_1v95": 0,
        "timing__hold_vio__count__corner:max_ff_n40C_1v95": 0,
        "timing__hold_r2r__ws__corner:max_ff_n40C_1v95": Infinity,
        "timing__hold_r2r_vio__count__corner:max_ff_n40C_1v95": 0,
        "timing__setup_vio__count__corner:max_ff_n40C_1v95": 0,
        "timing__setup_r2r__ws__corner:max_ff_n40C_1v95": Infinity,
        "timing__setup_r2r_vio__count__corner:max_ff_n40C_1v95": 0,
        "timing__unannotated_net__count__corner:max_ff_n40C_1v95": 0,
        "timing__unannotated_net_filtered__count__corner:max_ff_n40C_1v95": 0,
        "timing__unannotated_net__count": 0,
        "timing__unannotated_net_filtered__count": 0,
        "design_powergrid__voltage__worst__net:VPWR__corner:nom_tt_025C_1v80": 1.8,
        "design_powergrid__drop__average__net:VPWR__corner:nom_tt_025C_1v80": 1.8,
        "design_powergrid__drop__worst__net:VPWR__corner:nom_tt_025C_1v80": 2.43412e-06,
        "design_powergrid__voltage__worst__net:VGND__corner:nom_tt_025C_1v80": 2.49696e-06,
        "design_powergrid__drop__average__net:VGND__corner:nom_tt_025C_1v80": 3.13228e-08,
        "design_powergrid__drop__worst__net:VGND__corner:nom_tt_025C_1v80": 2.49696e-06,
        "ir__voltage__worst": 1.8,
        "ir__drop__avg": 3.42e-08,
        "ir__drop__worst": 2.43e-06,
        "design__xor_difference__count": 0,
        "magic__drc_error__count": 0
    }
}