{
    "time": {
        "cpu_time_user": "00:00:00.960",
        "cpu_time_system": "00:00:00.060",
        "runtime": "00:00:01.302",
        "cpu_time_iowait": "00:00:00.000"
    },
    "peak_resources": {
        "cpu_percent": 97.7,
        "memory_rss": "29MiB",
        "memory_vms": "32MiB",
        "threads": 1
    },
    "avg_resources": {
        "cpu_percent": 63.942857142857136,
        "memory_rss": "16MiB",
        "memory_vms": "19MiB",
        "threads": 0.9285714285714286
    }
}