{
    "time": {
        "cpu_time_user": "00:00:03.779",
        "cpu_time_system": "00:00:00.190",
        "runtime": "00:00:04.102",
        "cpu_time_iowait": "00:00:00.000"
    },
    "peak_resources": {
        "cpu_percent": 109.4,
        "memory_rss": "123MiB",
        "memory_vms": "130MiB",
        "threads": 1
    },
    "avg_resources": {
        "cpu_percent": 92.03902439024392,
        "memory_rss": "77MiB",
        "memory_vms": "83MiB",
        "threads": 0.975609756097561
    }
}