{
    "time": {
        "cpu_time_user": "00:00:00.900",
        "cpu_time_system": "00:00:00.130",
        "runtime": "00:00:01.112",
        "cpu_time_iowait": "00:00:00.000"
    },
    "peak_resources": {
        "cpu_percent": 109.3,
        "memory_rss": "110MiB",
        "memory_vms": "243MiB",
        "threads": 2
    },
    "avg_resources": {
        "cpu_percent": 78.36153846153846,
        "memory_rss": "68MiB",
        "memory_vms": "180MiB",
        "threads": 1.6153846153846154
    }
}