{
    "time": {
        "cpu_time_user": "00:00:00.730",
        "cpu_time_system": "00:00:00.110",
        "runtime": "00:00:00.911",
        "cpu_time_iowait": "00:00:00.000"
    },
    "peak_resources": {
        "cpu_percent": 109.4,
        "memory_rss": "114MiB",
        "memory_vms": "247MiB",
        "threads": 2
    },
    "avg_resources": {
        "cpu_percent": 75.60000000000001,
        "memory_rss": "60MiB",
        "memory_vms": "161MiB",
        "threads": 1.4545454545454546
    }
}