{
	"design__max_slew_violation__count__corner:nom_tt_025C_1v80": 0,
	"design__max_fanout_violation__count__corner:nom_tt_025C_1v80": 0,
	"design__max_cap_violation__count__corner:nom_tt_025C_1v80": 0,
	"power__internal__total": 2.63713e-06,
	"power__switching__total": 4.96558e-06,
	"power__leakage__total": 5.76261e-10,
	"power__total": 7.60329e-06,
	"clock__skew__worst_hold__corner:nom_tt_025C_1v80": 0,
	"clock__skew__worst_setup__corner:nom_tt_025C_1v80": 0,
	"timing__hold__ws__corner:nom_tt_025C_1v80": 10.1276,
	"timing__setup__ws__corner:nom_tt_025C_1v80": 13.4813,
	"timing__hold__tns__corner:nom_tt_025C_1v80": 0,
	"timing__setup__tns__corner:nom_tt_025C_1v80": 0,
	"timing__hold__wns__corner:nom_tt_025C_1v80": 0,
	"timing__setup__wns__corner:nom_tt_025C_1v80": 0,
	"timing__hold_vio__count__corner:nom_tt_025C_1v80": 0,
	"timing__hold_r2r__ws__corner:nom_tt_025C_1v80": 1e+30,
	"timing__hold_r2r_vio__count__corner:nom_tt_025C_1v80": 0,
	"timing__setup_vio__count__corner:nom_tt_025C_1v80": 0,
	"timing__setup_r2r__ws__corner:nom_tt_025C_1v80": 1e+30,
	"timing__setup_r2r_vio__count__corner:nom_tt_025C_1v80": 0,
	"flow__warnings__count": 4,
	"flow__errors__count": 0
}