{
    "time": {
        "cpu_time_user": "00:00:02.950",
        "cpu_time_system": "00:00:00.200",
        "runtime": "00:00:03.256",
        "cpu_time_iowait": "00:00:00.000"
    },
    "peak_resources": {
        "cpu_percent": 109.9,
        "memory_rss": "180MiB",
        "memory_vms": "311MiB",
        "threads": 2
    },
    "avg_resources": {
        "cpu_percent": 91.06470588235295,
        "memory_rss": "104MiB",
        "memory_vms": "229MiB",
        "threads": 1.8529411764705883
    }
}