{
	"timing__drv__floating__nets": 0,
	"timing__drv__floating__pins": 0,
	"design__instance__displacement__total": 66.53,
	"design__instance__displacement__mean": 0.088,
	"design__instance__displacement__max": 5.253,
	"route__wirelength__estimated": 1331.96,
	"design__violations": 0,
	"design__io": 16,
	"design__die__area": 47923.5,
	"design__core__area": 40739.1,
	"design__instance__count": 605,
	"design__instance__area": 918.381,
	"design__instance__count__stdcell": 605,
	"design__instance__area__stdcell": 918.381,
	"design__instance__count__macros": 0,
	"design__instance__area__macros": 0,
	"design__instance__utilization": 0.022543,
	"design__instance__utilization__stdcell": 0.022543,
	"flow__warnings__count": 33700,
	"flow__errors__count": 0
}